key,input,outcome
SUTWUYBMBWPLMW-MDWZMJQESA-N,CCCCNC(=S)N/N=C/c1sccc1C,0.99
RIYHJWOTNJXDLV-UHFFFAOYSA-N,Cn1c(SCc2nc(-c3cccs3)no2)nnc1C1CCCCC1,0.272
OGNBARHGQVMGGX-UHFFFAOYSA-N,O=C(O)CC(NC(=O)c1cnccn1)c1ccccc1Cl,0.017
WQEXDIRUOYNDCM-UHFFFAOYSA-N,O=S(=O)(c1ccccc1)N1CCN(c2noc3cccc(Cl)c23)CC1,0.991
YEGVLLQDOGYWDQ-OAHLLOKOSA-N,CCC[C@@H](C)N(c1cc(Cl)ccc1CO)S(=O)(=O)c1ccc(C)cc1,0.999
CSYFJLPYVQTDCQ-MRXNPFEDSA-N,Cn1c(=O)c2c(nc(N3CCC[C@@H](N)C3)n2Cc2cc(F)ccc2Cl)c2ccc(C(=O)O)cc21,0.016
JGGVCLFLOLHMSW-UHFFFAOYSA-N,CNC(=O)c1cccc2c1nc(-c1ccccc1O)n2Cc1ccccc1,0.524
AKVQZCLFNIRFEL-UDISHMIDSA-N,C[C@]12CCC3C(CC[C@@H]4C[C@@H](S)CC[C@]34C)C1=CC[C@@H]2C1=CC(=O)OC1,0.977
QCIMKMDGHYXCEB-UHFFFAOYSA-N,CC1=C(C(=O)OCc2ccccc2)C(c2ccc(-c3ccccc3C)cc2)NC(=S)N1CCCCCc1nnn[nH]1,0.611
SDKIBDZIDPFNHT-UHFFFAOYSA-N,CC(C)Cc1cc(C(=O)NCc2cccnc2)no1,0.037
CGVTXIMVAPAPNK-UHFFFAOYSA-N,COC(=O)CC1NN=C2N(CCN2c2ccc(Cl)cc2)C1=O,0.186
LWTPUALMLDLRFE-UHFFFAOYSA-N,CCN1c2ncc(COc3cccc(C(=O)O)c3)cc2C(=O)N(C)c2ccc(Cl)nc21,0.039
OAGNFKCWXVXZJD-NDENLUEZSA-N,Cc1c(NC(=S)N/N=C\c2ccccc2O)c(=O)n(-c2ccccc2)n1C,0.975
YBVUWGYHDUMFEA-ZCFIWIBFSA-N,C[C@@H](O)c1nc(-c2nc(-c3nc(CO)cs3)cs2)cs1,0.018
GASJOQPNNSMIFF-UHFFFAOYSA-N,CCCCCCCCCCCC(=O)CCCC,1.0
LTLAIOBQBYOIBO-UHFFFAOYSA-N,C=Cc1c(N)ncnc1N1CCC(c2nc(-c3ccc(C(F)(F)F)c(F)c3)cn2CCN2CCCC2)CC1,0.003
SWVJYUGDITUJRT-NBVRZTHBSA-N,O=C1/C(=N/c2ccc(O)cc2)C(Cl)=C(O)c2ccccc21,0.239
OBULHRRJFXTYED-NRFANRHFSA-N,O=C(O)CC[C@H](NC(=O)c1cccc(-c2ccccc2)n1)C(=O)N1CCN(C(=O)OCCCC(F)(F)F)CC1,0.003
YVKRFZYIMJJBFA-UHFFFAOYSA-N,CC(=O)Nc1c2c(nn1-c1ccccc1)C[S+]([O-])C2,0.001
QEYOHPDHFPXPHI-UHFFFAOYSA-N,O=C(O)CSC(C(=O)Nc1ccc(Cl)cc1)c1ccccc1,0.002
GPOFEGFXZJVBAV-UHFFFAOYSA-N,O=[N+]([O-])/N=C1\NCCN1CCCCl,0.104
JLCVKQHIFSBODF-UHFFFAOYSA-N,CCc1cc2[nH]c(=O)c3cnn(C4CCC4)c3c2cc1C(=O)N1CCN(CCC(F)(F)F)CC1,0.441
HFHMTIRZGGSTAO-UHFFFAOYSA-N,O=C1c2cc(Cl)ccc2C2(c3ccccc3)SCCN12,0.96
ZQPKBYQQGAQUAK-BQYQJAHWSA-N,O=C(O)c1ccc(OC/C=C/Cn2c(=O)n(C(c3ccccc3)c3ccccc3)c(=O)c3ccc(N4CCOCC4)cc32)cc1,0.143
PBQDGEKTDHPEJT-UHFFFAOYSA-N,CNC(=O)c1cc(Oc2ccc(NC(=O)c3ccc(OC)cc3)cc2)ccc1N,0.987
DRFZSNBMKDNIIY-UHFFFAOYSA-N,O=C(NCC1CC1)c1cc2c(s1)CCN2C(=O)c1ccc(F)cc1,0.76
SIVHAPVFQQZNKB-UHFFFAOYSA-N,Nc1nnc(-c2ccc3[nH]cc(-c4cccc(O)n4)c3c2)s1,0.547
KEFVSMYJFCKVGF-DVVUODLYSA-N,CC(=O)c1cc([C@H]2OC[C@@H](N=[N+]=[N-])[C@@H]2Cl)oc1C,0.035
MBQZCRIKUPDPSI-UHFFFAOYSA-N,O=C(O)c1cccc(CN2C(=O)CC(c3ccccc3)Sc3ccccc32)c1,0.018
LZLAWIZBRZSTHY-UHFFFAOYSA-N,O=C(CCC(NC(=O)c1cc(Cl)cc(Cl)c1)C(=O)N1CCC2(CCCC2)CC1)NCCN1CCOCC1,0.135
QDJHBNNBIMGPTN-HRQOGRHRSA-N,Cc1cccc2c1OP(=O)(O[C@H]1C[C@H](n3cc([125I])c(=O)[nH]c3=O)O[C@@H]1CO)OC2,0.022
UYCUSHGDWRMTBH-ROUUACIJSA-N,CCCCCCCCc1ccc(NC(=O)[C@@H](N)[C@@H](O)CC)cc1,1.0
ZURWTJLUKIDQPW-UHFFFAOYSA-N,CC(C)N(CCC1(c2ccccc2)C(=O)NCN2CCCCC21)C(C)C,0.001
KPILUSAHPYZUAU-UHFFFAOYSA-N,COc1ccc(C(=O)N2CCC3(CC2)CCN(c2ccncc2)CC3)cc1,0.133
MWDLEZWHBIBUQF-UHFFFAOYSA-N,CNC(=O)Cc1ccc(C(=O)Nc2cccc(-c3ccc(-c4nc5cccc(C)c5[nH]4)s3)c2)cc1,1.0
PMFVVLDDNQOBSK-UHFFFAOYSA-N,Cc1cc(NC(=O)c2cnc3c(C(F)(F)F)cccc3c2O)no1,0.373
JUPLUOFUEJQTPN-CMDGGOBGSA-N,CS(=O)(=O)N(c1cc(C(F)(F)P(=O)(O)O)ccc1/C=C/c1ccccc1)S(C)(=O)=O,0.0
MLXZZQXUAVHVTH-UHFFFAOYSA-N,O=S(=O)(c1cccc(-c2nc3c4ccccc4nc(O)n3n2)c1)N1CCCC1,0.891
OULXRFUMARETNV-UHFFFAOYSA-N,N#Cc1ccc(S(=O)(=O)N2CCN(c3ncccc3C(F)(F)F)CC2)cc1,0.81
WOOTYTHCLUCBAN-BQQVRQSRSA-N,CS(=O)(=O)O.C[C@H]1CN(c2c(F)cc3c(=O)c(C(=O)O)cn(C45CC(C4)C5)c3c2F)C[C@H]1CN,0.028
JHXBUZHKTRBUPU-HKUYNNGSSA-N,CC#Cc1cncc(-c2csc([C@@H]3C[C@@H](c4c(C)noc4C)SC(N)=N3)c2)c1,0.955
DQUIDHIGYCDUAW-UHFFFAOYSA-N,CCCCC(C)(O)C1CCC(N2C(=O)Cc3cc(OC)c(OC(C)C)cc3C2c2ccc(Cl)cc2)CC1,0.668
XZKSPTBEYGRIAW-UHFFFAOYSA-N,COc1cc2c(N3CCN(C(=O)Nc4ccc(Oc5ccccc5)cc4)CC3)ncnc2cc1C,0.947
XRJVXAMPYWOKBH-UHFFFAOYSA-N,O=C1C=CC(=O)N1CCNc1ncc(C(F)(F)F)cc1Cl,0.491
PNKWWEGPNJVDEY-UHFFFAOYSA-N,Cl.Cl.N#Cc1ccc(Cn2c(CN3CCCC3)nc3ccccc32)cc1,0.013
NQOFDAVXLYCOSS-UWVGGRQHSA-N,CC(=O)N[C@@H](CCN)C(=O)N[C@@H](CC(C)C)C(N)=O,0.174
UCLODDTXWGYADM-UHFFFAOYSA-N,COc1ncc(N2CCOCC2)cc1S(=O)(=O)Nc1ccnc(-c2ccc(CN3CCCC3)cc2F)c1,0.016
YPOJPDVIGNKUGH-XDHOZWIPSA-N,O=C(NCCCn1ccnc1)/C(=C\c1cccnc1)NC(=O)c1cccc(Br)c1,0.103
UDYZLBDATCUMND-BGABXYSRSA-N,CCO/N=C(\c1ccc(Br)cc1)C1CCN(C2(C)CCN(C(=O)c3c(C)ccnc3O)CC2)CC1,0.324
ACWNTJJUZAIOLW-BWXYOZBYSA-N,C=C(C)[C@@H]1CC[C@]2(C(=O)O)CC[C@]3(C)[C@H](CC[C@@H]4[C@@]5(C)CC[C@H](OC(C)=O)C(C)(C)[C@@H]5CC[C@]43C)[C@@H]12,0.991
KHGOSYUXMMBUFD-UHFFFAOYSA-N,Cc1c(NC(=O)c2cccc(C#N)c2)cnc2c1c(C1CCN(C(=O)C3CCOC3)CC1)cn2C,0.044
YQKRUFIYOUBDLA-UHFFFAOYSA-N,O=C(CCc1nc2cccnc2[nH]1)Nc1ccc2c(c1)OCC(=O)N2,0.008
GMDSYOIQJYEGEH-KRWDZBQOSA-N,CCCC[C@H](NC(=O)OC(C(C)C)C(C)C)C(=O)C(=O)Nc1ccnn1C1CCC1,0.864
OSZGNMXDUIRKKS-UHFFFAOYSA-N,CC(=O)Nc1nccc(-c2cc(-c3ccccc3)no2)n1,0.976
FXKGOUKRWOCIHB-UHFFFAOYSA-N,CCCCCCS(=O)(=O)Nc1ccc(Nc2c3ccccc3nc3ccccc23)c(OC)c1.CS(=O)(=O)O,0.002
AFUGPLVMIXYSOF-UHFFFAOYSA-N,COc1ccccc1-c1cc(C)c(Nc2ccnc(Nc3ccc(C#N)cc3)n2)c(C)c1,0.999
SBHSPVCXPBMFDR-UHFFFAOYSA-N,CC(O)c1cc2c(s1)C(=O)c1scc(C(C)O)c1C2=O,0.21
PDVPPOQDCVUFMJ-IXXDFCNBSA-N,COc1cccc(-c2cc(C(=O)Nc3cc4ccc(OC5CC(C)C[C@@H](O)[C@H]5O)c(C)c4oc3=O)ccc2OC)c1,0.998
NFNFUNPPSRQEKS-UHFFFAOYSA-N,O=C(O)c1ccc(SCc2cccc(F)c2)cn1,0.019
ZJODQSBBDBFFAS-UHFFFAOYSA-N,CC(C)CCCCCCCCCCCCCCNc1ccc(C(=O)O)cc1,0.978
MNQJBAQJEVQGPF-UHFFFAOYSA-N,Cc1nc(-c2ccccc2)sc1C1=NN(c2ccccc2)C(c2ccccc2)C1,0.999
PWYXPDSKZHIDIQ-UHFFFAOYSA-N,CC(NC(=O)c1ccc(NC(=O)N2Cc3ccccc3C2)cc1)C1(C)CC1,0.991
MZARYTXBCFQUMR-UHFFFAOYSA-N,CC(C)Cc1ccc(C(C)C(=O)N2CCN(c3ncccc3C(=O)NC(C(N)=O)C(C)O)CC2)cc1,0.029
SYLBDRSSIIBAIV-HOTGVXAUSA-N,CSc1ccc(C(=O)N[C@@H](CCC/N=C(\N)N[N+](=O)[O-])C(=O)N[C@@H](CC(C)C)C(N)=O)cc1,0.546
PNJABCDGUHWOMR-UHFFFAOYSA-N,Cc1sc2ncnc(SCc3nnc(-c4ccccc4)o3)c2c1C,0.839
OFBWCUWERYAJIG-CVEARBPZSA-N,O=Cc1ccc([C@H](O)[C@H](O)CO)n1CCc1ccc(O)cc1,0.002
LMWAGXVZVZCSLJ-UHFFFAOYSA-N,Cc1ccc(C)c(NC(=O)Cn2nc(C)c3ccccc3c2=O)c1,0.523
PWOKLGVLHXQYNY-UHFFFAOYSA-N,CCCCC(=O)Oc1cc(Cl)ccc1Oc1ccc(Cl)cc1Cl,0.999
AAVNKJHZCQBLFE-UHFFFAOYSA-N,CCOc1ccc2nc(N(CCCN(C)C)C(=O)c3ccc4c(c3)CCCC4)sc2c1.Cl,0.228
VDUWUDNNQOTQJY-UHFFFAOYSA-N,c1cc2cc(-c3c(-c4ccc5c(c4)OCO5)noc3-c3ccsc3)ccc2[nH]1,0.998
GKPVTQTVQVPDLH-VOTSOKGWSA-N,CCOC(=O)/C=C/c1cc(CN2CCN(c3ccccn3)CC2)cc(C(N)=O)c1,0.048
YVYVEXJFUOWVCK-UHFFFAOYSA-N,CCOC(=O)CCc1ccc(-c2ccc(OC)cc2)n1-c1ccc(C(C)=O)cc1,0.867
JUEAHXPWDLGQON-RGKRWLCDSA-N,C[C@@]12Cc3ccccc3CCC(Cc3ccc(O)cc31)C2N,0.043
VBOOWEPYXWAHBC-UHFFFAOYSA-N,Cc1cccn2c(=O)c3cc(C(=O)NCC(C)C)sc3nc12,0.444
LRZXJAOUUBYAPE-UHFFFAOYSA-N,Cc1ccc(C(=O)Nc2cc([N+](=O)[O-])ccc2F)s1,0.983
ZOJSBJMHWGMYNM-UHFFFAOYSA-N,N#Cc1ccccc1-c1ccc(Cn2c(-c3cscn3)nc3ccc(Cl)cc32)cc1,0.999
JHWUXMUHCFSXIS-OVCLIPMQSA-N,CCOc1ccc(C(=O)N/N=C/c2cc([N+](=O)[O-])cs2)cc1,0.994
GWNPRPOEZOJFHO-UHFFFAOYSA-N,OC(COC1C2CC3CC(C2)CC1C3)CN1CCOCC1,0.185
VGEVGTWKOGDMJH-UHFFFAOYSA-N,CCOc1ccc2c(=NN=Cc3cccc(OC)c3)cc(C)[nH]c2c1,0.961
WAIYJGWQTGVSJY-UHFFFAOYSA-N,c1ccc(P(=C2c3ccccc3-c3ccccc32)(c2ccccc2)c2ccccc2)cc1,1.0
ZDJDDHHJDNXZRV-GWHBCOKCSA-N,CN(C(=O)CCN1CCC(OC(=O)Nc2ccccc2-c2ccccc2)CC1)c1ccc(CC(=O)NCc2ccc(CCNC[C@H](O)c3ccc(O)c4[nH]c(=O)ccc34)cc2)cc1,0.096
JKIRNPPDEQPHQE-UHFFFAOYSA-N,NCCCNCCCCNCCCCN1C(=O)c2cccc3cccc(c23)C1=O,0.001
ZFZWERMXSWIPRQ-VWLOTQADSA-N,COc1ccc(-c2cccc(COc3ccc([C@H](CC(=O)O)c4nccn4C)cc3)c2)cc1,0.069
HAOJSTOAECRQGW-WWQQVGJXSA-N,CCCCN(C)/C(CC)=N/c1ccc2c(c1)C(=O)c1ccc(/N=C(\CC)N(C)CCCC)cc1C2=O,0.002
SRRZEMVAQOSBLB-UHFFFAOYSA-N,c1ccc(CCN2C3CCC2CC3)nc1,0.0
VPPPLAKILVBFMD-UHFFFAOYSA-N,Cc1ccn2nc(C)c(C(=O)NCc3ccc(N4CCC(c5ccc(OC(F)(F)F)cc5)CC4)cc3)c2c1,0.999
KPSNFOHNLPZDRP-NJSLBKSFSA-N,Cc1noc(C)c1NC(=O)Nc1cccc2c1O[C@@H](CN(C)S(C)(=O)=O)[C@@H](C)CN([C@@H](C)CO)C2=O,0.011
RXXCIBALSKQCAE-UHFFFAOYSA-N,CC(C)CCOCc1ccccc1,0.996
HJVRGNVSQKIHBY-UHFFFAOYSA-N,CCCCNc1nnc(CCn2nc(C)c(Br)c2C)s1,0.798
WFVKABQFHLSPFH-INIZCTEOSA-N,CCn1ncc(-c2nc3c(N[C@H]4CCN(C(=O)C5CCOCC5)C4)ncnc3n2C)c1C,0.001
SZYQCCZQMOWZEU-UHFFFAOYSA-N,Cc1cc(C)c(S(=O)(=O)N2CCOC23CCN(S(C)(=O)=O)CC3)c(C)c1,0.083
BJEPBULKEVIYBP-UHFFFAOYSA-N,CC(C)n1nc(-c2ccc3oc(N)nc3c2)c2c(Br)nc(N)nc21,0.043
LTBAVIKQCJGFGL-DPSVNRJGSA-N,C=C[C@@H]1C[C@]1(NC(=O)[C@@H]1CN(S(=O)(=O)c2ccc(F)cc2)CN1C(=O)[C@@H](NC(=O)OC1CCCC1)C(C)(C)C)C(=O)NS(=O)(=O)C1CC1,0.219
SXRKIFFGKQRXMR-UHFFFAOYSA-N,CC(C)COC(=O)N1CCCCC1c1cc(C(=O)N2CCOCC2)no1,0.353
YOQXJJARPAWPJV-UHFFFAOYSA-N,CC1CCCN(C(=O)c2ccc([N+](=O)[O-])o2)C1,0.188
SOCFMKNDWIYRRR-UHFFFAOYSA-N,CCN(CC)C(=O)c1sc2c(c1C)c(=O)n(-c1ccc(OC)cc1OC)c(=O)n2CC(=O)Nc1ccccc1,0.269
CVAQCUFVFMUERM-UHFFFAOYSA-N,COc1cc(-c2ccc(OCCC(C)C)cc2)c(OC)c(O)c1-c1ccc(O)cc1,0.997
UYKWWWBGNUBPCF-VHXPQNKSSA-N,COCCCn1c(-c2ccc(S(=O)(=O)N3CCOCC3)cc2)cs/c1=N\c1ccccc1,0.987
TUVIKSUZLKLDRJ-UHFFFAOYSA-N,Cc1cccc(NC(=O)CN2CCc3cc4c(cc3C2C)OCCCO4)c1,0.417
AIODKQYYALFNGH-OBGWFSINSA-N,COC(=O)C1=C(C)N=C(C)/C(=C(/O)OC)C1C(=O)OCC(=O)c1ccc(Br)cc1,0.188
ULKVTWZZSYMWKM-OUKQBFOZSA-N,CC12CC3CC(C)(C1)CC(/N=C(\N)Nc1ccccc1/C=C/c1ccccc1)(C3)C2,1.0
XXOCKOBQSMYTBC-UHFFFAOYSA-N,CC(=O)Nc1ccc(OC(F)(F)C(F)F)c(NC(C)=O)c1,0.001
KJJYXWAOCHOXSO-UHFFFAOYSA-N,COc1ccc(-n2c(=O)c3ccccc3n(Cc3ccccc3F)c2=O)cc1OC,0.85
OCHUYZCQFZEMGU-UHFFFAOYSA-N,Cc1ccc(C(=N)NOC(=O)c2ccc3ccccc3c2)cc1,0.98
VFJXXDCXLPMUBR-UHFFFAOYSA-N,O=C(c1c(Nc2cc(Cl)cc(Cl)c2)[nH]c2c(Cl)ccc([N+](=O)[O-])c2c1=O)C1CC1,0.996
AVJXKYISGXVRHY-UHFFFAOYSA-N,CC1(C)CC(C)(C)CC2(C1)NCc1cc(C(C)(C)C)cc(I)c1O2,0.996
WXZGKBGEDPBBPB-UHFFFAOYSA-N,O=C(COc1cccc2c1CNCC2)NCC(O)CN1CCc2ccccc2C1,0.006
WJOFBCYZALIRKI-UHFFFAOYSA-N,O=C(c1cc2ccccc2[nH]1)N1CCN(CCOc2cccnc2)CC1,0.101
KRIRSNPOXFHZIB-UHFFFAOYSA-N,CCNC(=O)Cc1ccc(-c2ccccc2)cc1,0.8
BDLDSSMAHRDDGB-UHFFFAOYSA-N,CC(O)CCCCN1C(=O)C(CCOc2ccccc2CC(=O)O)Oc2ccccc21,0.006
GKKSHWWDZSJINW-UHFFFAOYSA-N,CNC(=O)c1cc(Oc2ccc3nc(Nc4ccc(-c5cccnc5)cc4)ncc3c2)ccn1,0.998
WDMCNBXVZBAGKS-UHFFFAOYSA-N,CN(Cc1ccccc1)C(=O)c1cc2c(=O)n(C)c3ccccc3c2s1,0.987
DAEZZWXOBPFGQJ-UHFFFAOYSA-N,CS(=O)(=O)N1CCN(C(=O)c2cc(-c3cccs3)cs2)CC1,0.3
GUERDLPJJJMIEU-UHFFFAOYSA-N,Cc1cccc(CCN)c1,0.0
PGLJEFBAXFMYBH-UHFFFAOYSA-N,Cc1csc(CNC(=O)NC(C)c2ccc3c(c2)OCCO3)n1,0.005
BKGCPRVFMYQBRH-KPKJPENVSA-N,C=C(/C=C/C(=O)Nc1ccc(N)cc1)CC1(C)Cc2ccccc2C1=O,0.869
DWBXNQKRJAOIHK-NRFANRHFSA-N,C=CC[C@H]1CN(C2CCCC2)c2nc(Nc3ccc(C(=O)NC4CCN(C)CC4)cc3OC)ncc2N(C)C1=O,0.002
ZAZULDNVGOECEO-VGVWILAUSA-N,CCOP(=O)(OCC)C(NC(=S)NC(=O)[C@]1(C)CCC[C@]2(C)c3ccc(C(C)C)cc3CC[C@@H]12)c1ccccc1F,0.81
ZXWUBJASPQKEAN-UHFFFAOYSA-N,NC(=O)c1cc2cc(Cc3ccccc3)c(C(F)(F)F)nc2nc1N,0.987
VJOQCICRCCURSU-UHFFFAOYSA-N,O=[N+]([O-])c1ncn(CCCN(Cc2ccc(C(F)(F)F)cc2)Cc2ccc(C(F)(F)F)cc2)n1,0.939
KPAFCNXCULLUIL-UHFFFAOYSA-N,O=C(c1ccc(S(=O)(=O)Nc2ccccc2)cc1)N1CCCC(C(F)(F)F)C1,0.618
GUSYYOQMHQNUSZ-UHFFFAOYSA-N,Clc1ccc(N=c2ccn(CCCCCn3ccc(=Nc4ccc(Cl)cc4)cc3)cc2)cc1,0.992
KKPGANILSLDBNG-UHFFFAOYSA-N,C=CCn1c(SCC(=O)Nc2cc(C)c(Cl)cc2OC)nnc1-c1ccco1,0.979
AXTRRTMVQMYCRV-UHFFFAOYSA-N,CCCCCCn1cnc2c3ccccc3c3c(c21)CCC(C)(C)O3,0.999
BJWIPOMEOBTTJP-SRCKYBTLSA-N,CC(=O)[C@H]1CC[C@H]2[C@@H]3CC=C4C[C@@H](OC(=O)NCCNC(=O)/C(C#N)=C/c5cccc(Cl)c5)CC[C@]4(C)[C@H]3CC[C@]12C,0.997
KMLCAXOEHCQJRO-UHFFFAOYSA-N,CN(CCCc1c[nH]c2ccc(F)cc12)C1COc2ccc3c(c2C1)C(=O)NCC3,0.07
YFFNJWCMUGIYOE-HXBUSHRASA-N,CC(=O)OCC1=C(C(=O)OC(c2ccccc2)c2ccccc2)N2C(=O)[C@H](Cl)C2SC1,0.948
JUFDKIHNAKWIPB-BXXZVTAOSA-N,O=C(O)C(=O)OC[C@H]1OC(=O)[C@H](O)[C@@H]1O,0.0
NVOSPZNQVSARGS-UHFFFAOYSA-N,COc1ccc(OC(=O)c2nc(SCc3ccccc3F)ncc2Cl)cc1,0.986
YUUYGPGETZPGDG-UHFFFAOYSA-N,Fc1cccc(CNCC2Cn3nncc3CO2)c1,0.012
AAGONDJNRDWVLR-SANMLTNESA-N,CC[C@@]1(O)C(=O)OCc2c1cc1n(c2=O)Cc2c-1nc1ccc(OC)cc1c2C1CCCC1,0.991
ZELWNOUFNSTJBZ-UHFFFAOYSA-N,CCOc1ccc2nc(NC(=O)C(=O)C(C(=O)c3ccccc3F)C3OC(=O)c4ccccc43)sc2c1,0.79
DVBXFRSRFUTZTN-UHFFFAOYSA-N,CCc1ccc(I)c(CC)c1NC(=O)CN(CC(=O)O)CC(=O)O,0.078
ICZJHRYDJKYLQD-YTZAWJCFSA-N,CO[C@H]1CN(C)C(=O)c2ccc(NC(=O)C3CC3)cc2OC[C@H](C)N(C(=O)c2ccccn2)C[C@H]1C,0.021
CXRJHASYZPXNEG-UHFFFAOYSA-N,Cc1c(Cl)cccc1NC(=O)c1cc(NC(=O)c2ccccc2C(F)(F)F)cc2[nH]c(C3CCCC3)nc12,0.989
MQKSZWYYHGTHIV-UHFFFAOYSA-N,CC(C)NS(=O)(=O)c1ccc(OCC(=O)Nc2ccccc2F)cc1,0.941
FIRIFVVVVQIBLD-UHFFFAOYSA-N,CC1=NN(c2ccc(C(=O)O)cc2)C(=O)CC1,0.001
XVXCKHQWKUVAPE-UHFFFAOYSA-N,CC(NC(=O)c1ccc(S(N)(=O)=O)cc1)C(=O)O,0.001
IFDQXIBLGLRXER-KTIHBUSBSA-N,COC(=O)[C@@]12CCCN1[C@H](c1ccc(SC3CCCCC3)cc1)[C@H]1C(=O)N(C)C(=O)[C@H]12,0.994
LWMHQSNCXDHONB-UHFFFAOYSA-N,O=C(c1ccccc1)N1CCN(S(=O)(=O)c2cccs2)CC1,0.059
KIBICQVMFUXHBE-UHFFFAOYSA-N,CCCN(CCN1CCN(c2ccccn2)CC1)C1CCc2ccc(O)cc2C1,0.005
HRWQNVARHISMJN-HTWIIDBLSA-N,CCCCNC(=O)CC(O)C(Cc1ccccc1)NC(=O)[C@@H](NC(=O)CN1CCC(C(N)=O)(c2ccccc2)CC1)[C@@H](C)CC,0.157
NFASEKPXRUMCIX-UHFFFAOYSA-N,COc1cccc(-c2cc(O)c3c(c2)CN(C(=O)C2CC2)CCO3)c1,0.182
ZKKQCCSHBYRQHR-UHFFFAOYSA-N,O=C(O)C(=O)C1Cc2ccc([N+](=O)[O-])cc2CN1S(=O)(=O)c1ccc(-c2ccc(F)cc2)cc1,0.068
BRAYPVFMFWTUKN-JOBXNTDGSA-N,C[C@]12CCC(=O)N[C@@H]1CC[C@@H]1[C@@H]2CC[C@]2(C)O[C@H](n3cnc4c(N(CCO)CCO)nc(Cl)nc43)CC[C@@H]12,0.013
JMWXCKBNMITSIN-SJORKVTESA-N,Cc1noc(C)c1CN1CCO[C@H]2CN(Cc3cnn(C)c3)C[C@H]21,0.035
FNEMLYLQYCOWSI-LICLKQGHSA-N,Cn1c(-c2ccc(Cl)cn2)c(C2CCCC2)c2ccc(C(=O)NC(C)(C)C(=O)Nc3ccc(/C=C/C(=O)O)cc3)cc21,0.017
BUAPSNKVPWEGPA-SECBINFHSA-N,N[C@@H](CS)Cc1ccccc1,0.006
HXGOZZCNWIRGDR-UHFFFAOYSA-N,CN(C)c1cc(-c2nc(C(c3ccc(F)cc3)c3ccc(F)cc3)sc2CC(=O)O)ccn1,0.538
FJCDJOPKILSQQC-WUXMJOGZSA-N,C/C(=N\NC(N)=S)c1cccc(N)c1,0.019
VVZCMIMCJKOCNN-UHFFFAOYSA-N,Cc1nc2ccc(NC(=O)c3cccs3)cc2s1,0.998
DVTVJGRKHOHFDN-UHFFFAOYSA-N,COc1ccccc1CNC(=O)c1ccc(OCC2CCCO2)cc1,0.934
XTSDSKNXFWPJCS-NSHDSACASA-N,N#C[C@@H]1CCCN1C(=O)CNC(=O)c1ccnc2cccc(Br)c12,0.12
MOUOMNBPAHLPSE-UHFFFAOYSA-N,CC1CCc2c(C(=O)Nc3c(F)cc(F)cc3Br)csc2C1,0.966
FFMAUIFUNZBCRQ-UHFFFAOYSA-N,Cc1cccc(NS(=O)(=O)c2ccc(C(=O)N3CCC3)cc2)c1C,0.289
YWTJHJYWEVKHSQ-UHFFFAOYSA-N,CCC1CCN(C(=O)C(CCCN=C(N)N)NS(=O)(=O)c2ccc3ccc(OC)cc3c2)C(C(=O)O)C1,0.007
PRYDIUOIVPKNEW-CJLVFECKSA-N,C/C(=N\NC(=O)c1cccnc1)c1ccc(-n2c(C)ccc2C)cc1,0.039
BVFBYUIDPPDGCS-UHFFFAOYSA-N,O=C(NCC=C(c1ccccc1)c1ccccc1)Nc1ccc(Cl)cc1,0.998
VWKMDRWBZTWKNM-UHFFFAOYSA-N,C=CCOC(=O)c1ccc(S(N)(=O)=O)cc1,0.291
PCKXOBFTBPFENG-UHFFFAOYSA-N,NC(=S)N1N=C(c2ccccc2O)CC1c1ccc(O)cc1,0.398
AJINREBJQTYYQG-UHFFFAOYSA-N,CCCC(=O)N1CCN(c2cc3c(cc2F)c(=O)c(C(=O)O)cn3C2CC2)CC1,0.006
UXRUDFJTPABSNB-OYHNWAKOSA-N,CCOP(=O)(Cc1ccccc1NC(=O)[C@H]1Cc2cc3c(cc2C(=O)[C@H](C)S1)OCO3)OCC,0.025
XSEWDLLFUPPPPL-PYHSYOTJSA-N,CC(C)=CCC/C(C)=C/CC/C(C)=C/CC/C(C)=C/CC/C(C)=C/CC/C(C)=C/CC/C(C)=C/Cc1cc(OS(=O)(=O)O)ccc1OS(=O)(=O)O,0.001
UOLWAWYOIVYEAT-IWIPYMOSSA-N,COc1ccc2c(c1)c(/C=C1\Oc3cc(O)cc(O)c3C1=O)c(C)n2CCN1CCN(C)CC1,0.451
GOEVKCKHFBODJY-UHFFFAOYSA-N,Cn1c(SCC(=O)Nc2ccccc2Br)nnc1-c1cnccn1,0.02
XDXADVDZZWWNRR-UHFFFAOYSA-N,O=S(=O)(NCc1ccc(Cl)cc1)c1cc(Cl)c(Oc2cccc(N3CCNCC3)c2)s1,0.905
QJNOZHZYQOMYHW-UHFFFAOYSA-N,O=C(CN1CCOCC1)NNc1nc(-c2ccccc2)c2cc(Br)ccc2n1,0.524
VUISAJWDMBCIQP-UHFFFAOYSA-N,COc1ccc(C2=NN(CCCO)C(=O)C3CCCCC23)cc1OC,0.0
DUBHBBAOOPNWGQ-UHFFFAOYSA-N,Br.COC(=O)Cn1c(=N)n(CCN2CCCCC2)c2ccccc21,0.004
RIJGXYIRUNBEJG-UHFFFAOYSA-N,Oc1ccc(CC2CCN(CCC#Cc3ccccc3)CC2)cc1,0.699
HDYLUQPADNVNQG-UHFFFAOYSA-N,COCCn1c(=O)c(-c2cn(C)c3ccccc23)nc2cnc(Oc3cccc(Cl)c3)nc21,0.998
NXBNYUSXDBHELA-DHZHZOJOSA-N,COc1ccc(/C=C/C(=O)c2ccccc2O)cc1,0.987
JGOMOURYXGBGLP-UHFFFAOYSA-N,COc1cc(C2CC(c3cc(OC)c(OC)c(OC)c3)=NN2C)ccc1O,0.129
SIMOEFIOKHUVBO-UHFFFAOYSA-N,CC1(C)OCc2c(Nc3n[nH]c4c(Cl)cccc34)nc(-c3cn[nH]c3C(F)F)nc21,0.999
XVPZRKIQCKKYNE-UHFFFAOYSA-N,Cn1c(Cc2ccccc2)nc(=O)c2ccccc21,0.161
UXLPJZGKAQRVTA-UHFFFAOYSA-N,CCCOC(=O)C1=C(C)NC(C)=C(C(=O)OC)C1c1cccc([N+](=O)[O-])c1,0.955
CGTBRZZQACOTSR-LSQHKTNHSA-N,O=c1ncccn1[C@H]1[C@H](O)[C@H](O)[C@@]2(CO)C[C@H]12,0.002
OYTZWPYVHBHOPU-SFHVURJKSA-N,CCc1nccn1CC(=O)c1ccc(-c2ccc(N3C[C@H](Cn4ccnn4)OC3=O)cc2F)cn1,0.225
QWMFOPZHDXETGS-ZVHZXABRSA-N,O=C(N/N=C/c1ccccn1)c1cc(-c2ccncc2)nc2ccccc12,0.504
RSZWMKSWYWFHMX-SANMLTNESA-N,CN(C)CCCN1C(=O)[C@H](Cc2ccccc2)N(Cc2ccc(-c3ccccc3-c3nn[nH]n3)cc2)C1=S,0.03
KFGVJVJYLSWZJG-UHFFFAOYSA-N,CCC(Cc1ccccc1)NC(=O)Cn1nc(C)n2c(cc3occc32)c1=O,0.156
KBAQOTQHZALTMH-WPWMEQJKSA-N,Cc1ccc(/C=N/NC(=O)CCN2CCN(c3ccnc4cc(Cl)ccc34)CC2)cc1,0.913
VJOLHYVXOROYEL-UHFFFAOYSA-N,CC1=Nc2ccc(Cl)cc2C(c2ccc(Cl)cc2)N1CCN1CCCCC1,0.007
NMXILYPHEODMRP-UHFFFAOYSA-N,O=C1C2C3C=CC(C3)C2C(=O)N1CCNc1c2ccccc2nc2ccccc12,0.014
ZYPFOSZGRDTEPJ-INIZCTEOSA-N,CN(C)C[C@H]1CCn2c(c(C3=C(Nc4ccccc4)C(=O)NC3=O)c3ccccc32)C1,0.03
OOZYTONLGPPKPM-WJOKGBTCSA-N,O=C(N[C@H](Cc1c[nH]c2ccccc12)C(=O)Nc1ccncc1)c1ccc(N2CCN(c3cccc(C(F)(F)F)c3)CC2)cc1F,0.905
OSLLJZQZZPCQEN-UHFFFAOYSA-N,CSc1ncc(Cl)c(C(=O)Nc2c(C(=O)c3ccc(Cl)cc3)oc3ccccc23)n1,0.97
LVTFXXHFOAVFAJ-ZQBBOAKWSA-N,O=C(/C=C/c1ccccc1Cl)[C@@H]1[C@@H](c2ccccc2Cl)[C@@H]2CSCN2C12C(=O)Nc1ccccc12,0.92
VXEYXROSIMOFIS-UHFFFAOYSA-N,CS(=O)(=O)c1ccc(-c2[nH]c(-c3ccc(S(C)(=O)=O)cc3)c3c2C2CCC3C2)cc1,0.674
WLGSTVNPSKYNLO-UHFFFAOYSA-N,CC(C)(C)c1ccc(CN(Cc2cccc3ccccc23)n2cnnc2)cc1,0.713
TZNQMGFEWYPGDR-UHFFFAOYSA-N,Nc1nc2cc3nc(NCCc4ccc(C(=O)O)cc4)[nH]c3cc2c(=O)[nH]1,0.012
MEXOOXQSKJQSPA-UHFFFAOYSA-N,CCOC(=O)C1=NOC2(C1)C(=O)Nc1ccc(OC(F)(F)F)cc12,0.822
ZRQUIFFSYFFJJZ-UHFFFAOYSA-N,O=C1Nc2ccccc2/C1=N\NC(=O)c1cccnc1,0.26
BFNQHIJJIFTQCT-UHFFFAOYSA-N,CC(O)(COc1ccc(F)cc1F)C(=O)Nc1ccc(C#N)cc1C(F)(F)F,0.956
NQEXFOOJALTUQI-UHFFFAOYSA-N,CC(CNC(=O)c1ccccc1)(CNC(=O)c1ccccc1)[N+](=O)[O-],0.151
BAZIZFOLMQRGMR-UHFFFAOYSA-N,Cc1ccc(-n2ccn3c(SC(C)C(=O)Nc4ccc5c(c4)OCCO5)nnc3c2=O)cc1C,0.981
BXZCHELXYNXCDS-UHFFFAOYSA-N,Nc1nc2[nH]c(C3CC3)c(Cc3ccc(Cl)c(Cl)c3)c(=O)n2n1,0.914
VYMNBUQVQUXHSM-UHFFFAOYSA-N,CCCN(CCC)c1cc(C)nc2c(-c3ncc(N=O)cc3C)c(C)nn12,0.182
ULFGDQDWOJBMLY-YPMHNXCESA-N,CC1(C)Oc2cc(C#N)sc2[C@@H](N2CCCC2=O)[C@@H]1O,0.009
VACBNLGJAQMVJK-UKTHLTGXSA-N,O=C1Nc2ccccc2/C1=C\C(=O)c1cccc(Cl)c1,0.998
WTWJERJTGDRNRR-UHFFFAOYSA-N,NCCC[Se](=O)O,0.02
BRAWSIIECGMQJC-UHFFFAOYSA-N,O=C(CCC(=O)N1CCN(S(=O)(=O)c2ccc(Cl)cc2)CC1)Nc1ccc2ccccc2c1,0.993
LDXDMBVFSOGIIJ-NRXMAPPISA-N,COc1ccc(/N=C2C(=N/c3ccc(OC)cc3)/N(c3ccccc3)C(=S)N/2N=C=C2Sc3ccccc3N2C)cc1,1.0
IIRVXNJEGFDTAK-UHFFFAOYSA-N,O=C(CCN1C(=O)c2cccc3cccc(c23)C1=O)NCc1cccnc1,0.085
KJVFQLVWOAZHEV-UHFFFAOYSA-N,CCCCNC(=O)CSc1nc2cc3c(cc2c(=O)n1Cc1ccco1)OCO3,0.242
OXYCNDUOAUAOAC-IGMJJTELSA-N,COC(=O)[C@@]1(C)[C@H]2C(=O)N(C)C(=O)[C@H]2[C@H]2CN=C(SCc3ccc(C)cc3)N21,0.007
QRYRSVDNNGPOCP-UHFFFAOYSA-N,C=CCNC(=O)C(C)(C(C)C)N(C(=O)c1cccnc1)C1CC1,0.002
IUFLCCGSBWWBGH-UHFFFAOYSA-N,Oc1ncc(Oc2cccc(C(F)(F)F)c2)cn1,0.205
PRYSYKQNIPXASP-UHFFFAOYSA-N,COc1ccccc1NC(=O)CSc1nncn1N,0.075
DCANEJPZBIAFRD-UHFFFAOYSA-N,CCOCCN1CCN(Cc2cnn(C)c2)CC1C,0.001
LYNBJSJVJXRVTC-BZSNNMDCSA-N,N[C@@H](Cc1ccc(O)cc1)C(=O)N[C@H]1CSSC[C@@H](C(=O)O)NC(=O)c2cccc(c2)NC1=O,0.003
KLUBFNJJJWONQA-UHFFFAOYSA-N,CC#CCOc1ccc(S(=O)(=O)CC2(C(=O)NO)CCCN(S(=O)(=O)Cc3ccncc3)C2)cc1,0.024
PIVPVCCOKPYBOP-FPLPWBNLSA-N,COc1cc(/C=C\c2cccc3c2oc(=O)n3C)cc(OC)c1,0.992
YPDMZTAHAUZDKO-JZBRPHLYSA-N,CSCC(O/N=C(\C(=O)N[C@@H]1C(=O)N(OS(=O)(=O)O)C1(C)C)c1csc(N)n1)c1cc(=O)c(O)cn1O,0.002
TUUDYGUVNIAEDD-UHFFFAOYSA-N,O=C(CN1CCNCC1)NCc1ccc2sccc2c1,0.032
MAECBKYPUBIHOI-UHFFFAOYSA-N,Cc1cc(C)nc(NC(=O)NS(=O)(=O)Oc2ccccc2C(=O)Oc2ccccc2)n1,0.182
ZLJCOCPMGGSXRR-UHFFFAOYSA-N,O=C(O)C1CCN(c2nc(-c3ccc(Br)cc3)cs2)CC1,0.027
KUGOSCGBFCSECZ-GQCTYLIASA-N,CO/C(O)=C/C1=NCCNC1=O,0.108
OGUHXQFMLWUPCE-UHFFFAOYSA-N,COC(=O)c1cc2ccc3c(c2c(-c2ccc4c(c2)OCO4)c1C(=O)OC)OCO3,0.924
XDUMFDDLQURJLV-UHFFFAOYSA-N,S=C(NCCN1CCOCC1)Nc1ccc2ncnc(Nc3ccc(Cl)cc3)c2c1,0.837
KIKGLPDJZDAKFB-UHFFFAOYSA-N,CCN(CC)c1ccc(CN2CCC(C(=O)NCc3ccc(C)cc3)CC2)cc1.O=C(O)C(=O)O,0.054
SVRJEAMALKPJOQ-UHFFFAOYSA-N,O=C(COC(=O)CN1C(=O)NC2(CCCCC2)C1=O)Nc1cc(F)ccc1F,0.612
NDINQOKZIDQTBN-UHFFFAOYSA-N,O=C(OCc1cccs1)c1cc2c(o1)C(=O)c1ccccc1C2=O,0.977
ZYODXRYBYZMUNL-UHFFFAOYSA-N,COC(=O)CCc1ccc(C)cc1,0.017
QBDOFAGOTWCKQB-UHFFFAOYSA-N,COc1ccc(Cn2c(NCCNC(=N)N)nc(=O)n(CCc3ccccc3)c2=O)cc1,0.005
INNWZDNVOIAPRP-UHFFFAOYSA-N,CCOP(=O)(OCC)C1(P(=O)(OCC)OCC)CC(C(=O)CC)=NN1,0.013
IDOHVXBVCIPPSW-HOTGVXAUSA-N,C[C@H]1COCCN1c1nc(N2CCOC[C@@H]2C)c2nc(-c3ccc(-c4ncc[nH]4)cc3)[nH]c2n1,0.015
KELKEHFTJFLDAM-UHFFFAOYSA-N,O=C(Nc1ccc(OC(F)(F)F)cc1)NC1COc2ccccc2C1,0.996
RUGBZCTWKBEUNI-UHFFFAOYSA-N,Cc1cc(C)nc(NC(=S)N2CCN(c3ccc4ccccc4c3)CC2)c1,0.98
OAVFKAHCLBNXSU-UHFFFAOYSA-N,Cc1nnc(SC(C)C(=O)Nc2nccs2)s1,0.008
QLPJOBBIJIWDOA-UHFFFAOYSA-N,NC1=C(c2nc3ccccc3s2)C(=O)CN1NC(=O)c1c[nH]c2ccccc12,0.801
JAURGPIILHRUCZ-WEVVVXLNSA-N,C/C(C#N)=C\c1ccc(C)cc1Cl,0.996
OYELBKDRZUAMQY-SHHOIMCASA-N,COc1ccc(CC(/C(=N/OCCCCC(=O)O)C2CCCCC2)n2ccnc2)cc1,0.001
DRHSVFXMBSQDIC-REZTVBANSA-N,O=C1Nc2ccc(Cl)cc2/C1=N/N=C/c1ccc(O)c(O)c1,0.99
MRMNCFGODMCHHJ-UHFFFAOYSA-N,Cc1nc(Nc2nc(O)cc(CSc3ccc(Cl)cc3)n2)nc2ccccc12,0.986
PLZKIIULZQORTM-LLVNNSLESA-N,COC(=O)/C=C/OC[C@H]1OCCC[C@H]1O[Si](C)(C)C(C)(C)C,0.192
WDXRGPWQVHZTQJ-WUNHTLNSSA-N,C/C=C1\C(=O)C[C@@H]2[C@@H]3CCC4=CC(=O)CC[C@@]4(C)[C@H]3CC[C@@]12C,0.434
JMRQLQZCVRXVBF-DPQHJISKSA-N,C=C(CC[C@@H](C)[C@H]1CC=C2C3=C([C@@H](O)[C@H](OC(C)=O)[C@@]21C)[C@@]1(C)C[C@@H](O)[C@H](OC(=O)CCC(=O)O)C(C)(C)[C@@H]1CC3)C(C)C,0.123
PKSYYDVTKCWIMK-QJLXOANVSA-N,CO[C@]1(c2cc(F)cc(Sc3ccc(/C(C)=N/O)cc3)c2)CCO[C@@H](C)C1,1.0
ILBNDUAYPWIWNI-CYBMUJFWSA-N,Cc1c(-c2ccn[nH]2)sc2c(N[C@@H]3CCNC3)nc(-c3ccncc3)nc12,0.917
ZCODZCCHEGPLFA-UHFFFAOYSA-N,CCC1C(=O)N2C=CSC2=[N+](Cc2ccc(Cl)cc2)C1=O,0.999
DHJSIGLFEZHWTN-UHFFFAOYSA-N,COc1cc2[nH]c(=O)c(-c3cccs3)c(-c3cccc(-c4ccccn4)c3)c2cc1OC,0.924
VQKNVDMTYTWAPP-RGVLZGJSSA-N,COc1ccc(N2C(=O)CC(SC(=N)N/N=C(\C)c3cccs3)C2=O)cc1,0.076
MHJKYBXJQUFCAY-UHFFFAOYSA-N,O=C1Nc2[nH]nc(C3CCN(c4cnc(C(F)(F)F)cn4)CC3)c2C(O)(C(F)(F)F)C1O,0.358
NWJKKFOUUINEJW-UHFFFAOYSA-N,O=C(c1cccc(-c2ccccc2F)c1)N1CCc2c([nH]c3ccccc23)C1,0.995
YRMGHBRKSZQGFZ-BOXHHOBZSA-N,N=C(N)N1CCC[C@H]1c1nc(-c2ccc3cc(OCC(=O)c4ccc(C(F)(F)F)cc4)ccc3c2)no1.O=C(O)C(F)(F)F,0.075
YFRICIADHZUKMP-UHFFFAOYSA-N,CCN(CC)CCN(CC)c1ccc2cc(C(=N)N)c(=O)oc2c1.Cl,0.085
GZAPVKSQRTZSJU-UHFFFAOYSA-N,OC(Cn1ccnc1)(c1ccc(F)cc1)c1ccccc1-c1ccncc1,0.075
GDYUSSFBUVJSFX-UHFFFAOYSA-N,CN(c1ccc(Cl)cc1)S(=O)(=O)c1cccc(C(=O)Nc2cc(Cl)cnn2)c1,0.999
ORPXEQOZVCQUKK-UHFFFAOYSA-N,Cc1ccc(S(=O)(=O)Nc2ccc(-c3nnc(SCC#N)n3C)cc2)cc1,0.957
TXUWQECYFJZEMC-RBZQAINGSA-N,CCC(CC)O[C@@H]1C=C(C(=O)NCc2ccc(-c3ccsc3)cc2)C[C@H](N)[C@H]1NC(C)=O,0.671
QWKYFMXJKILTAJ-LJQANCHMSA-N,CCCN(CCC)[C@H]1COc2c(cccc2-c2ccc(OC)cc2)C1,0.929
NLHNOVPBFCSLAT-UHFFFAOYSA-N,Cn1c(C(=O)NC2CCCC2)nc(-c2ccc(Cl)cc2Cl)c1-c1ccc(Cl)cc1,0.998
JQAIMHGAEVVRTI-UHFFFAOYSA-N,CCCCN(Cc1ccccc1-c1ccccc1)c1nc2c3c(ccc2s1)CCCC3,1.0
XFUKIAYRJVFVSZ-ZENAZSQFSA-N,CN1CCC(Oc2cc(CN3CC[C@H](NC(=O)c4ccc(Cl)c(Cl)c4)C3)ccc2I)C1,0.328
VLOMEILIKQSBAS-UHFFFAOYSA-N,COc1cc(O)c2c(=O)cc(C(=O)NCCCCCCN(C)Cc3ccccc3OC)oc2c1,0.197
GDNDXNUOEVYPDM-SDHOMARFSA-N,CCCN(CCC)C(=O)c1cc(C)cc(C(=O)N[C@@H](Cc2cc(F)cc(F)c2)[C@H](O)[C@@H]2NCCNC2=O)c1,0.069
PSFWRKAIDVJVPD-UHFFFAOYSA-N,N#Cc1cccc(NC(=O)NCCCN2CCC(Cc3ccc(C(F)(F)F)cc3)CC2)c1,0.684
QLXYYFOZLXUJSU-UHFFFAOYSA-N,CC1CCN(C(c2ccccc2)c2sc3nc(-c4ccco4)nn3c2O)CC1,0.06
HDWYPNVSPBUTCS-FTPOTTDRSA-N,CNc1cccnc1/C=N/NC(=S)N(C)C.Cl,0.096
ZUOXMLSPIUSXPR-UHFFFAOYSA-N,COc1ccc(C(=O)Nc2c(C)nn(COc3cccc(C(F)(F)F)c3)c2C)cc1,0.985
HRWPTRXVULGXJH-GEFPKZSYSA-N,NC/C=C\CN(CCF)C[C@H]1O[C@@H](n2cnc3c(N)ncnc32)[C@H](O)[C@@H]1O,0.001
KEOVOLZZHVJWJR-UHFFFAOYSA-N,O=C(Nc1ccccc1)c1c(-c2ccccc2)[n+]([O-])c2cc(Cl)c(Cl)cc2[n+]1[O-],0.882
DGBHLXYEPIJNFG-UHFFFAOYSA-N,Cn1c(Cl)c(C(=O)Nc2ccc(Cl)cc2)c2ccccc21,0.968
BQVZICWQBFTOJX-QNDZYWSYSA-N,C[C@@H]1C[C@@](N)(C(=O)O)[C@@H]2[C@@H](C(=O)O)[C@@H]21,0.027
FRUDVXRUSIWXJO-UHFFFAOYSA-N,O=c1oc2ccccc2c(Nc2ccc(OCCN3CCCC3)cc2)c1-c1ccc(F)cc1,0.188
CMHQDSBIBSKHFP-UHFFFAOYSA-N,O=C(O)C1=CCCN(CCOC(c2ccc(C(F)(F)F)cc2)c2ccc(C(F)(F)F)cc2)C1,0.138
MXVAYAXIPRGORY-UHFFFAOYSA-N,Clc1cc(Cl)cc(-c2cc(Cl)c(Cl)c(Cl)c2)c1,1.0
ZCMMWOVFLLUFDU-UHFFFAOYSA-N,Cc1cc2oc(Cc3cccc(Cl)c3)nc2c(NCC(F)(F)c2cccc[n+]2[O-])n1,0.734
FZVSEIOEFSDZOA-UHFFFAOYSA-N,Cc1cc(SC2=C(O)OC(CCc3ncsc3C)(C(C)C)CC2=O)c(C(C)(C)C)cc1CO,0.014
HULVBXHCFWOUHP-VHJOFQCFSA-N,NC(=O)OCCO[C@@H]1[C@H](O)[C@H](Oc2ccc(I)cc2)O[C@@H](COS(=O)(=O)c2ccc3ccccc3c2)[C@H]1O,0.254
CDLQJUZZIBSLEZ-UHFFFAOYSA-N,COc1ccc(Nc2c(-c3ccc(F)cc3)nc3nc(C)cc(C)n23)cc1,0.973
YQCHJORSBGANNU-UHFFFAOYSA-N,NC1CN(c2ncc(C(=O)Nc3ccc(OC(F)(F)Cl)cc3)cc2-c2cncnc2)C1,0.547
ISDNLQZIXKBDQS-UHFFFAOYSA-N,CCCCN(CCCNc1ccnc2cc(Cl)ccc12)Cc1cc(Br)ccc1O,0.994
QCOOGLXBUANRGO-MISDAEJGSA-N,CSC1=CC2=C(C(=O)c3ccc([C@H]4C[C@@H](O)[C@H](O)[C@@H](C)O4)c(O)c3C2=O)[C@@]2(O)C(=O)C=C(C)C[C@@]12O,0.003
WANUEHQHGBYBLT-UHFFFAOYSA-N,COc1cc2ncnc(Nc3ccc(Br)cc3Cl)c2c(OC)c1OC,0.972
FHIKEQNYVZSIEI-KYJUHHDHSA-N,CC(C)C[C@@H](C(=O)N[C@@H](Cc1ccc(OC(=O)c2ccccc2)cc1)C(=O)NC(C)(C)C)N(C)Cc1ccccc1Cl,0.998
WCWQZLUHHJUUJM-UHFFFAOYSA-N,COc1ccc(CCNC2(C#N)CCCCC2)cc1OC,0.011
AFRLWULTPSQTJR-UHFFFAOYSA-N,CCOC(=O)N1C(=O)N(c2cccc(C(F)(F)F)c2)C2=C(C(=O)CC2)C1c1ccc(C#N)cc1S(C)(=O)=O,0.028
VZAJNAMCAWDCMR-UHFFFAOYSA-N,O=c1[nH]c(=O)c2c1c1oc3ccccc3oc1c1[nH]c3ccc(O)cc3c12,0.812
WYNUBLAIBVYKTR-UHFFFAOYSA-N,Cc1ccc(CC(=O)N(C)CC2(O)CCCN(c3ccccn3)C2)s1,0.0
WMHUNWSSFWGGDP-DEOSSOPVSA-N,Cc1n[nH]c2ccc(-c3cncc(OC[C@@H](N)Cc4cccc(OCCN5CCOCC5)c4)c3)cc12,0.022
QFZMGUJABZECLU-XWDWZIQCSA-N,CC[C@H](C)[C@H](NC(=O)[C@H](C(C)C)[C@@H](O)[C@H](O)[C@H](CC(C)C)NC(=O)OCc1ccccc1)C(=O)NCc1ccccn1,0.863
XVOMFNLPAMISSW-UHFFFAOYSA-N,CCN(CCCN1CCCCC1)c1cc(C)nc(Nc2ccc(C(F)(F)F)cc2)n1.O=C(O)C(F)(F)F,0.002
PPCGMGHPTLIZSS-AUVZLTIHSA-N,COc1ccc2ncc(F)c([C@@H](O)CC[C@@H]3CCN(C4CC(c5ccc(F)s5)C4)C[C@@H]3C(=O)O)c2c1,0.001
DOQVEVUPASOJLQ-KRWDZBQOSA-N,COc1ccc([C@H]2CC(=O)N(c3cccc(NS(=O)(=O)c4cc(Br)c(Cl)s4)c3)C2)cc1OC1CCCC1,0.765
XWVFBUOUWXGKIB-UHFFFAOYSA-N,CCN(C)C(=O)CN1CC(Oc2cccc(Cl)c2)C1,0.001
LDTYCPIQHHHNCK-UHFFFAOYSA-N,CC(C)Oc1ccnc2ccc(C#CCNC(=O)c3cccn(Cc4ccc(F)c(F)c4)c3=O)cc12,0.96
WLEPZPAKSFBFNK-UHFFFAOYSA-N,COC(=O)c1c(O)cc(O)c(Cl)c1CCC(=O)N1CCc2ccccc21,0.058
LONAMIOABDSPFE-UHFFFAOYSA-N,CCCNC(=O)c1ccnc(-c2ccc(CNC3Cc4ccccc4C3)cc2)c1.O=C(O)C(F)(F)F,0.01
ADEZIYQYXOGZGX-BJMVGYQFSA-N,CN1C(=N)N/C(=C/c2c[nH]c3cccc(Br)c23)C1=O,0.971
QYQVBGWDHQUXNU-UHFFFAOYSA-N,COc1ccccc1NC(=O)C(=O)N1CCCC1,0.043
YULOHHJNVBWZFQ-IBGZPJMESA-N,CCC(CC)(NC(=O)C(C)C)C(=O)N[C@@H](CCCNC(=N)N)C(=O)NCCc1ccccc1,0.001
WUVJSEREYUFVKJ-ZBJMMJAPSA-N,CC(C)(O)c1ccccc1CC[C@@H](SCC1(CC(=O)O)CC1)c1cccc(/C=C/c2nc(-c3ccc(F)cc3)cs2)c1,0.315
YIJBKFVBAAGOKC-UHFFFAOYSA-N,COc1ccc(NC(=S)/N=C(\N)Nc2nc(C)c3ccccc3n2)cc1,1.0
HVGMAUSTZLWHEQ-PKTZIBPZSA-N,Cc1nn(-c2ccccc2)c2c1[C@@H](c1ccc(F)cc1)[C@H](NC(=O)c1cccc(C(F)(F)F)c1)C(=O)N2,0.919
PPVGQERWWBWIDQ-NKRMQULXSA-N,CO[C@@H]1CC[C@@]2(C)[C@@H](C1)C[C@@H](OS(=O)(=O)O)[C@@H]1[C@@H]2CC[C@]2(C)[C@@H]([C@H](C)CCC(=O)N3CCCC3)CC[C@@H]12,0.24
YAXYIJYIERUQSL-UHFFFAOYSA-N,O=c1cc(OCc2ccc(F)cc2)ccn1-c1cccc(OCCN2CCCC2)c1,0.108
PDDJQTWBKGSXCD-UHFFFAOYSA-N,COc1c(S(=O)(=O)N2CCCC2)ccc(Cl)c1Cl,0.98
LHBDJOOCOGNAPZ-UHFFFAOYSA-N,Oc1ccc(-c2cc3cccc(Cl)c3o2)cc1,0.999
UZJMOGLTRDKRCS-UHFFFAOYSA-N,Cl.NCc1nnc(S)o1,0.836
IONJPYUMFUUCGN-UHFFFAOYSA-N,Ic1ccc(-c2csc(NN=C3CCCCC3)n2)cc1,1.0
QGZGXGGLQSWROG-UHFFFAOYSA-N,O=c1[nH]c2ncc(-c3ccc4[nH]ccc4c3)nc2n1CC1CCCCC1,1.0
XDVJNGYZBQMVEV-UHFFFAOYSA-N,CC(CCc1ccccc1)NC(=O)CNCCCN1CCOCC1.O=C(O)C(=O)O,0.198
YJCXNBBFFCXASC-ZEQRLZLVSA-N,COc1ccc(C(=O)C2CCN([C@H]3CN(Cc4ccccc4)CC[C@@H]3O)CC2)cc1,0.029
MPBXIJRHMMFZHW-UHFFFAOYSA-N,COC(=O)CNc1ccc(-c2nc(Cc3ccc(OC)cc3)no2)cn1,0.578
UIJXPBABJIYKKJ-KFKAGJAMSA-N,NC(=O)[C@H]1CC[C@H]1C(=O)N1CCc2c(O)cccc2[C@H]1CN1C(=O)c2ccccc2C1=O,0.034
LVPGSWWTOAVXNB-UHFFFAOYSA-N,O=Cc1cccc(C(=O)Sc2cc(Cl)cc(Cl)c2)n1,0.994
LIRNRWBUJJIWJD-UHFFFAOYSA-N,Cc1ccc(-c2cc(C3=NC(=CN4CCN(C)CC4)NO3)[nH]n2)cc1,0.02
YJDKTUGCLYBQOF-UHFFFAOYSA-N,CCOC(=O)Cn1ccc(NC(=O)COc2ccc(F)cc2)n1,0.311
HIZHRVVRUJOGCY-UHFFFAOYSA-N,CC(C)c1ccc(OC(C(=O)O)c2ccc(Cl)cc2)cc1,0.059
OZLHJBSTXWDJKT-UHFFFAOYSA-N,CCCCN(C)C(=O)c1ccc2c(c1)c1c(n2S(=O)(=O)CC)CN(C2CCCC2)C1,0.007
UYGSTBVLPIFNCD-UHFFFAOYSA-N,O=C1c2ccccc2C2(c3cc(C(F)(F)F)cc(C(F)(F)F)c3)NCCN12,0.407
GZNCFRBAWXAROU-UHFFFAOYSA-N,Oc1nnc(Cc2ccc3ccccc3n2)c2ccccc12,0.552
WRZWNGDNMKKPBC-UHFFFAOYSA-N,O=C(c1ccccc1)N(CC(O)Cn1c2ccccc2c2ccccc21)c1ccc(C(F)(F)F)cc1,0.995
ABQSJCCISLWTEW-UHFFFAOYSA-N,COc1cc(OC)cc(-c2cc3cnc(NCCCN4CCN(C)CC4)cc3nc2NC(=O)NC(C)(C)C)c1,0.001
MYEIDQDVSWLKKZ-UHFFFAOYSA-N,O=C(O)c1ccnc(-n2nccc2OC2CCCc3cc(Cl)ccc32)c1,0.02
VGRLQPPWTVAVCL-JXMROGBWSA-N,COc1cccc(/C=C/C(=O)OCC(=O)Nc2ccc(Cl)c(S(=O)(=O)N(C)C)c2)c1,0.922
RYIDKSWQOIOIRY-WKILWMFISA-N,N[C@H]1CC[C@H](NC(=O)c2nc(Br)c3cccnc3c2NCc2ccc(F)cc2)CC1,0.318
UKUVGWIFFPYCNX-UHFFFAOYSA-N,Cc1nc2cccnc2n1-c1cccc(C(=O)N2CCN(c3ccc(Cl)cc3)CC2)c1,0.69
QVXHWTJFEXUBPW-KZYPAZRSSA-N,CC(=O)O[C@H]1C[C@@]2(C)C(C[C@@H](O)C3[C@@]4(C)CC[C@@H](OC(=O)C(C)N)[C@@H](C)C4CC[C@@]32C)/C1=C(\CCC=C(C)C)C(=O)OCc1ccccc1,0.95
FKEZNZQUWVVTHQ-UHFFFAOYSA-N,CNC1CN(c2nc(N)nc3cc(C#N)cnc23)C1,0.003
LUEUGTQBZZJOJQ-UHFFFAOYSA-N,Cc1ncc([N+](=O)[O-])n1CCOC(=O)NC(n1cnc2c(OCc3ccccc3)nc(N)nc21)C(Cl)(Cl)Cl,0.813
RRCPWGPIIDSJTM-UHFFFAOYSA-N,Fc1ccc(CSc2nnc(Cn3nnc4ccccc43)o2)cc1F,0.549
SLXJIYPCVXJXJL-PJRHAEEISA-N,CCCC[C@H](O[C@@H](Cc1ccccc1)C(=O)N1CCC(OCS(C)(=O)=O)CC1)C(=O)N[C@@H](CC1CCCCC1)[C@@H](O)[C@@H](O)CC(C)C,0.495
NUKMHTJDIQPDCJ-UHFFFAOYSA-N,O=C(OCc1coc2cc(O)cc(O)c2c1=O)c1ccccc1,0.6
UDXLZRDTGQGCED-YGJQFJFHSA-N,O=C(C[C@@H]1C[C@H]2c3cc(NC(=O)c4cccnc4)ccc3O[C@H]2[C@H](CO)O1)NCc1ccc(Oc2ccccc2)cc1,0.815
NDXHJDVLMQJJQL-UWPQIUOOSA-N,CNC[C@H](CC1CCCCC1)NC(=O)N1CCC[C@@H]([C@@](O)(CCCCOC)c2cccc(OC)c2)C1,0.004
LLZFPXYQEGYODU-UHFFFAOYSA-N,CC1CC(C)(C)N=C(S)N1CCC(=O)N1CCN(Cc2ccccc2)CC1,0.001
MIPLKJPTQFTNCT-INIZCTEOSA-N,c1cc(-c2noc([C@@H]3CCCN3C3CCC3)n2)cc(N2CCCC2)n1,0.0
CNGACCZHVNABHX-WZJDMNOTSA-N,CCC1=C(OC(=O)N(CC)CC)N2C(=O)O/C(=N\Cc3ccccc3)[C@]2(C)[C@H]2C1=CC[C@H]1C(=O)N(CC)C(=O)[C@H]12,0.304
HNRPMNHNIDJKSN-UHFFFAOYSA-M,CC[N+](C)(CC)CCCCNP(=O)(OCc1cnc([N+](=O)[O-])n1C)N(CCCl)CCCl.[I-],0.0
RUSMMCWHLBQXAL-UHFFFAOYSA-N,Cc1cccc2cc(CN(Cc3cccs3)C(c3nnnn3C3CCCC3)C(C)C)c(O)nc12,0.917
CVQCJPCMPGKEDH-UHFFFAOYSA-N,O=C(COc1ccccc1Cl)Nc1cc(Cl)ccc1C(=O)O,0.042
PBORHGSPPFQEAL-LSDHHAIUSA-N,Cc1ccc(CN(Cc2ccccn2)C(=O)[C@H]2CC[C@@H](N)C2)s1,0.002
ZCECJELGEOTJQW-UHFFFAOYSA-N,Cc1ccc(-c2nnc(-c3ccc(CN4CCN(CCN)CC4)c(C(F)(F)F)c3)o2)cc1Nc1nccc(-c2cccnc2)n1,0.284
OTTDOZLQGARJRG-UHFFFAOYSA-N,c1ccc2c(NCCCCCCNc3c4c(nc5ccccc35)CCC4)c3c(nc2c1)CCC3,0.116
OBODKNFPJUZOIA-UHFFFAOYSA-N,CCOc1ccc(CCNC(=O)Cc2nn[nH]n2)cc1OCC,0.009
IALYRNAZULNMEL-UHFFFAOYSA-N,COc1cc2c(cc1OC)CN(c1ccc(-c3ccccc3OC)nn1)CC2,0.963
WIZWIPZFCXEPIC-UHFFFAOYSA-N,Nc1nonc1C(=O)NCc1ccccc1,0.541
IQJRRHANLCJZMZ-IJBPNXEISA-N,CC(C)CO/N=C1\C[C@@H](O)[C@@H](O)[C@@H]2[C@@H]3C(=O)N(c4ccc(F)cc4F)C(=O)[C@@H]3CC[C@H]12,0.551
QVLNOHYKDQDFDI-UHFFFAOYSA-N,CCCCCS(=O)(=O)NCc1ccc(C(=O)O)cc1,0.002
SWKUQMFTWFTAQQ-UHFFFAOYSA-N,CCCc1ccc(OCC(=O)NNC(=S)NC(=O)c2ccco2)cc1,0.186
NRHUFCAEFOGFQG-UHFFFAOYSA-N,CCc1ccc(OCCCCn2ccnc2)cc1,0.285
PMQKOMRVCJPMLV-RBUKOAKNSA-N,Cc1cc(S(=O)(=O)N[C@H]2CCN([C@H](Cc3cc4ccnc(N)c4cc3OC(F)(F)F)C(=O)O)C2=O)cnc1N(C)C,0.002
LSQRYZDRBPWXTJ-UHFFFAOYSA-N,CCOc1ccc(CNc2ccc(N3CCN(Cc4ccccc4)CC3)cc2)cc1,0.959
AEWFLRDOQHBROH-UHFFFAOYSA-N,CCCCN(CCNP(=O)(OCC)OCC)CP(=O)(OCC)OCC,0.002
CXXYOXYJJIVXSW-UHFFFAOYSA-N,O=C(Nc1nc(-c2ccccn2)cs1)c1cccc(Cl)c1,0.994
JFTCGPFMAZOKGM-KXNHARMFSA-N,CCCN1[C@@H]2C[C@@H](O)CC[C@@H]2C[C@H]1C(=O)OC,0.012
WLRBRLHIZWBIQE-UHFFFAOYSA-N,CCCOc1ccc(N2C(=O)CC(N3CCC(C(=O)OCC)CC3)C2=O)cc1,0.638
AMHPTVWBZSYFSS-UHFFFAOYSA-N,CN1C2CCC(C)(C)C1CC(OC(=O)C(O)(c1cccs1)c1cccs1)C2,0.147
XLTASQGIWFMNJU-UHFFFAOYSA-N,Cc1ccc(-n2nnnc2-c2cccnc2)cc1,0.432
ITLXLQIYXORZBH-KRWDZBQOSA-N,Cc1csc2cc([C@H](C)Nc3ncnc(N)c3C#N)c(Cc3cccc(CN4CCC4)c3)c(=O)n12,0.085
PJLVYLNYNYETHK-UHFFFAOYSA-N,CCNC1CCCCc2ccc(OC)c(c2)Oc2cc(ccc2OC)CC1,0.001
HPZMZQYJADMXGI-UHFFFAOYSA-N,COc1cc(-c2c3nc(cc4ccc(cc5nc(cc6ccc2[nH]6)C=C5)[nH]4)C=C3)cc(OC)c1OC,0.987
KWAXAMVLUTXYKN-UHFFFAOYSA-N,C=CCC(c1ccccc1)N(C(C)=O)c1ccco1,0.256
AJXWRHSYGALQIU-UHFFFAOYSA-N,Nc1nc(S)c2ncn(C3CC(O)C(CO)C3)c2n1,0.0
ZCMVVJGHNMLLND-UHFFFAOYSA-N,CCCN(CC(=O)N1CCN(C2CCN(C)CC2)CC1)C(=O)c1nc2ccccc2n1Cc1ccccc1,0.011
DRARVLFZUMBHTL-UHFFFAOYSA-N,O=C(CN1CCN(c2cc3c(cc2F)c(=O)c(C(=O)O)cn3C2CC2)CC1)Nc1nc2ccc(F)cc2s1,0.026
HPVVKNNRNANXAZ-JUFIIOIISA-N,CNC[C@H](CC1CCCCC1)NC(=O)N1CCC[C@@H]([C@@](O)(CCCNC(=O)C2CC2)c2cccc(Cl)c2)C1,0.015
BALGLXVDJIQVRU-UHFFFAOYSA-N,COc1ccc(C(C)=O)cc1CSc1nc2ccccc2c(=O)n1-c1cccc(C)c1,0.935
DVLFYONBTKHTER-UHFFFAOYSA-N,O=S(=O)(O)CCCN1CCOCC1,0.03
SNTZEUMNYVXVSL-UHFFFAOYSA-N,COc1ccccc1N1CCN(C(=O)c2cc(CC(C)C)on2)CC1,0.804
RDAYGBPKZORYGI-UHFFFAOYSA-N,O=C(c1cc(F)cc(F)c1)C(O)c1cc(F)cc(F)c1,0.889
UWFDYAWULNEXBD-YULCGJSVSA-N,CO[C@H]1CC[C@@]2(C)C(=CC[C@@H]3[C@@H]2CC[C@]2(C)C([C@H](C)N(C)C=O)=CC[C@@H]32)C1,0.61
INALXPSCMRQNIY-UHFFFAOYSA-N,Cc1ccc2c(c1)C1(CCNCC1)CC2NC1CC1.Cl.Cl,0.011
XMGFOLDYCLKCBD-UHFFFAOYSA-N,N=c1c(C(=O)NC2CCCC2)cc2c(=O)n3ccccc3nc2n1Cc1ccccc1,0.75
UKOSIJCXESYYND-UHFFFAOYSA-N,Cc1ccc(CNc2nc3ccc(C)cc3n3nnnc23)cc1,0.999
MULXWNMTBYLTHZ-KGQXAQPSSA-N,O=C(CN1CC[C@@H](c2cc(-c3ccc(Cl)cc3)n[nH]2)[C@H](c2ccc(F)cc2)C1)c1ccccc1.O=C(O)C(F)(F)F,0.088
SAGWNXBYZYNMDZ-UHFFFAOYSA-N,O=C(O)c1cc(COc2ccc(-c3ccccc3)cc2)c(C(F)(F)F)o1,0.113
DTVUNGVLCHTUFC-UHCVVMIDSA-N,CCOC(=O)N[C@H](Cc1ccc2ccccc2c1)C(=O)N(C)[C@@H](CCCN=C(N)N)C(=O)N[C@@H](CC(N)=O)C(=O)N[C@H](C(=O)O)C(C)C,0.029
DGTLYCXRLUHZDO-UHFFFAOYSA-N,CNc1nc2n(C)c3ccccc3cc-2c(=O)n1,0.68
BXDOISZIOCCOSD-UHFFFAOYSA-N,COc1cc(-c2nn(C3CCN(C4CCOCC4)CC3)c3ncnc(N)c23)ccc1NC(=O)c1cc2cc(C#N)ccc2n1C,0.828
OYRURKTYBYPRJP-VAWYXSNFSA-N,O=C(/C=C/c1ccccc1Cl)c1cccc(N2CCCCC2)c1,0.999
NBJADKABGDEAKF-UHFFFAOYSA-N,Clc1cc2nc(-c3cccnc3NCCc3ccc(-c4ccccc4)cc3)[nH]c2cc1Cl,1.0
DXDUQLMAAOSGSO-UHFFFAOYSA-N,CCC(C)(C)c1ccc(OCCCCCN2CCC(C)CC2)cc1.O=C(O)C(=O)O,0.113
PFOHTWCAPYUHGL-UXBLZVDNSA-N,O=[N+]([O-])c1cccc2ccc(/C=C/c3ccc(C(F)(F)F)cc3)nc12,1.0
MVPZNKOEXQWDPX-UHFFFAOYSA-N,Fc1cccc(NCc2ccc(CNc3cccc(F)c3)nc2)c1,0.169
MNIDWLWYGMGCFC-UHFFFAOYSA-N,CC(=O)N1N=C(c2ccc(-n3nc(C)n(N)c3=O)cc2)CC1c1ccccc1,0.239
GGLRYZACPLNCKB-UHFFFAOYSA-N,CCOC(=O)C(=O)Nc1cccc(OC)c1C(N)=O,0.085
LORQHSFIQJBWBT-DKVFDIBASA-N,COc1cc(-c2cc(=O)c3c(O)c(O[C@H]4C[C@@H](O)[C@H](O)[C@H](C)O4)c(O)cc3o2)ccc1O,0.03
XMLIKLBZSQESMV-SSEXGKCCSA-N,Cc1ccc(CN2CCC[C@@H]2CN2CCCC2)cc1NC(=O)c1ccc(Nc2ncc(C)c(-c3ccc(OC(F)(F)F)cc3)n2)cc1,0.304
ACFOVCHSVMOGQU-OQLLNIDSSA-N,CCC1SC(N/N=C/CCSc2ccccc2)=NC1=O,1.0
ZKIWWIPUSMTEEJ-UHFFFAOYSA-N,O=C(CCc1nc(-c2ccccc2F)no1)NC1CCCCC1,0.173
LGDVAJMMQSPBGB-AWEZNQCLSA-N,CC(C)=CC(=O)O[C@@H](CO)COC(=O)C=C(C(C)C)C(C)C,0.055
FPJJSKKWGRACAX-UHFFFAOYSA-N,O=C(O)c1ccnc(-n2nccc2OCc2ccccc2)c1,0.005
XGQKCXRYLZPINK-CMDGGOBGSA-N,C#CCn1c(=O)c2[nH]c(/C=C/c3cccc(Cl)c3)nc2n(CC(C)C)c1=O,0.999
MWLVSUWQQMVRQX-UHFFFAOYSA-N,Cc1cnc(C)c(N2CCN(Cc3nc(-c4ccc(C)o4)oc3C)CC2)n1,0.0
HMQPEDMEOBLSQB-MKPFUTSWSA-N,CC(=O)N[C@H]1[C@@H](O[C@@H]2O[C@@H](CO)[C@H](O)[C@H](O)[C@@H]2O)[C@H](O)[C@H](CO)O[C@H]1O,0.0
XVPAXABLDFKCJC-UHFFFAOYSA-N,CCc1ccc(NC(=O)N2CCN(c3ccc(F)cc3)CC2)cc1,0.981
OURWRKRFAJCZAV-UHFFFAOYSA-N,NC(CO)(CCc1ccc(-c2coc(-c3ccc(C(F)(F)F)cc3)n2)cc1)COP(=O)(O)O,0.001
UGUJITSAGQQEAE-TUFLPTIASA-N,N=C(N)NCCC[C@H](NC(=O)[C@H](CO)NC(=O)CN(Cc1ccccc1)C(=O)[C@H](CCCNC(=N)N)NC(=O)[C@@H](N)CCC(N)=O)C(=O)O,0.024
UZLMCVVBXZXYOC-UHFFFAOYSA-N,COc1cc(C(=O)NCc2cnc(Oc3ccc4c(c3)CCC(c3ccccc3)O4)s2)ccn1,0.969
KQCOJENBTSCUBC-UHFFFAOYSA-N,C#CCN(C(=O)c1ccc(OC)c(OC2CCN(C(C)C)CC2)c1)C1CCCCC1,0.013
UIZSLXWPXZEQDK-UHFFFAOYSA-N,O=c1[nH]cc(SCc2ccccc2Cl)cc1O,0.075
CKWKFEUTCSGMTM-UHFFFAOYSA-N,O=C(CN1CCN(c2cccc(C(F)(F)F)c2)CC1)Nc1ccc2c(c1)OCCCO2,0.955
HGXVOQYDMPTWTI-UHFFFAOYSA-N,Cc1noc(C)c1C(c1ccc(C(C)C)cc1)N1CC[N+](C)(C)CC1,0.002
QULUKOICHFEIJD-UHFFFAOYSA-N,O=C(Cn1c(=O)sc2ccccc21)NCCOc1ccccc1F,0.983
OKWNRLVXIVHVLV-DHZHZOJOSA-N,C/C(N)=C(/C#N)C(=O)COC(=O)c1ccc(O)cc1,0.067
VGOMSEQXNMIQQZ-UHFFFAOYSA-N,CC(=O)Nc1cccc(C2CCN(CCCn3c(-c4ccc(Br)cc4)nc4ccccc43)CC2)c1,0.716
GYHZBYPKMNZJKG-UHFFFAOYSA-N,CSc1cccc(NC(=O)Nc2cccc3ccc(O)cc23)c1,0.993
HEMDRZGKIPPJAW-UHFFFAOYSA-N,CC(C)CN(CCCCc1ccccc1)C(=O)C(N)C(=O)NO,0.635
PVHBNBZBXUWLBW-QFBILLFUSA-N,C=C1C(=O)O[C@H]2c3c(C)c(OC(=O)c4cccnc4)cc(C)c3CC[C@@H]12,0.772
NNRLZDQFBNPUON-QGOAFFKASA-N,O=[N+]([O-])c1cccc(N/N=C/c2ccc(N3CCOCC3)cc2)c1,0.998
JTMLSGGBBKYZLY-LEKXZLICSA-N,Cc1cc([C@H](N)C(F)(F)F)ncc1-c1ccc2cc(NC(=O)C3C[C@@H]3F)ncc2c1,0.974
IKGBPSZWCRRUQS-QAHQDLQKSA-N,CC(=O)[C@@]1(O)[C@H](C)C[C@H]2[C@@H]3CCC4=CC(=O)C=C[C@]4(C)[C@@]3(F)[C@@H](O)C[C@@]21C,0.042
SJGMTSWAPUKQDL-UHFFFAOYSA-N,COc1ccc2nc3cc(Cl)ccc3c(NCCCN(CCCNc3c4ccc(Cl)cc4nc4ccc(OC)cc34)Cc3ccc(Br)o3)c2c1,0.992
MPONXFAKJYAZSY-UHFFFAOYSA-N,CC(=O)Oc1c(C)cccc1C(=O)Nc1ncc([N+](=O)[O-])s1,0.138
JUDIQOBYRMCKQX-UHFFFAOYSA-N,Cc1nccc2c3ccc(OC(C)C)cc3n(CCCCCCn3c4cc(OC(C)C)ccc4c4ccnc(C)c43)c12,0.995
SGJXCKCBCGRUQQ-UHFFFAOYSA-N,COc1nc(-c2cc(-c3ccon3)n(Cc3ccccc3F)n2)ncc1F,0.994
KHQQULAVVRIZOK-UHFFFAOYSA-N,CCN(CC)S(=O)(=O)c1ccc(C(=O)NCCCNC2=NS(=O)(=O)c3ccccc32)cc1,0.494
WUBPOBJNEUHUTE-UHFFFAOYSA-N,Cc1cc(=O)[nH]c(=O)n1C1C=CC(OC(=O)c2ccccc2)C1,0.028
ZKHMWPAAYBGYRT-UHFFFAOYSA-N,COCCCNS(=O)(=O)c1ccc(Oc2ncc(C(F)(F)F)cc2Cl)cc1,0.992
GWWIBRFSRCTQIQ-UHFFFAOYSA-N,COc1ccc(C(CNC(=O)C(C)Oc2ccc(Br)cc2)N2CCCC2)cc1,0.011
GLWIPFBFVQOOGK-UHFFFAOYSA-N,COc1cccc(N2CCN(C(=O)c3cc([N+](=O)[O-])ccc3N3CCOCC3)CC2)c1,0.891
HTYUTOAGQKZAEN-UHFFFAOYSA-N,O=[N+]([O-])c1ccc(OCC2CCN(Cc3ccc(F)cc3)CC2)cc1,0.913
MDRQEFUKIMUQFX-AIBWNMTMSA-N,CCC(C(=O)N[C@@H](CC(=O)O)C(=O)CNCN1CCc2ccccc2C1)n1ccnc(NCc2nonc2C)c1=O,0.03
VJSAWYZVLZLFPP-UHFFFAOYSA-N,COC1CN(C(=O)c2ccc(-c3ccc4nc(C(C(=O)NCCS(N)(=O)=O)S(C)(=O)=O)sc4c3)cc2)C1,0.22
WFIQHZHXONNEFZ-UHFFFAOYSA-N,CCC(CC)(CN)C(=O)N1CCOC(C)(C)C1,0.002
JTZCTMAVMHRNTR-UHFFFAOYSA-N,CCCCCCCCSC(=O)Oc1cc(Cl)nnc1-c1ccccc1,1.0
YZLZNKMDLFOCFV-UHFFFAOYSA-N,COC(=O)c1sc(Nc2ccccc2N2CC3(CCN(CC(C)(C)C)CC3)c3ccccc32)nc1C,0.595
CSMOSYIFOGJHKG-UHFFFAOYSA-N,Cc1ccc(C(=O)Nc2ccc(CN3CCN(CCF)CC3)c(C(F)(F)F)c2)cc1C#Cc1cnc2ccccn12,0.997
NCJIYHBOSUBXEC-UHFFFAOYSA-N,CN(C)CCCCOc1ccccc1CCc1cccc(Cl)c1.Cl,0.145
YPTJNIBVBKYEEA-UHFFFAOYSA-N,O=c1oc2cc(Br)ccc2cc1-c1nc2ccccc2[nH]1,0.999
JJRKTSPBEWBPMR-CEXWTWQISA-N,CC(=O)N[C@@H](CC(C)C)C(=O)N[C@H](CC(C)C)C(=O)N[C@@H](C=O)CCC(=O)OC(C)(C)C,0.416
BFDUSAWMNSFLSO-SUUZZYOJSA-N,CCNC(=O)N(CC)C[C@H]1N[C@@](CC)(C(=O)OC)[C@H]2C(=O)N(Cc3ccccc3)C(=O)[C@@H]12.O=C(O)C(F)(F)F,0.007
XFOWEKUCAOAHPD-UHFFFAOYSA-N,O=C(C(=O)N1CCN(C(=O)c2ccccc2)CC1)c1c[nH]c2c(-c3ccsc3)ccc(F)c12,0.441
APSAKPVVAQGPPP-UHFFFAOYSA-N,CN(C)c1cccc(OCC2CCN(CC3CC3)CC2)c1.O,0.001
KCKDFGFWZWHIMF-UHFFFAOYSA-N,O=C(COc1ccc(Cl)cc1Br)N1CCN(c2ccccc2)CC1,0.999
PUMGXQBGJAEZHJ-IEXUWNMDSA-N,O=[N+]([O-])[C@@H]1[C@@H](c2ccc3[nH]cnc3c2)N(Cc2cccnc2)CC[C@H]1c1ccccc1Br,0.013
QHHLWRWNHQXBKD-UHFFFAOYSA-N,COc1ccccc1CNC(=O)C1CCC(CNS(=O)(=O)c2cccs2)CC1,0.029
QBHPBZZFBDVFFR-UHFFFAOYSA-N,CNC(=O)CSc1nc2ccc(NC(=O)c3ccc(Cl)cc3)cc2s1,0.977
CWOOZDSAXNDAHB-GWNQARJWSA-N,CC(=O)c1nn(CC(=O)N2[C@@H]3C[C@@H]3C[C@H]2C(=O)NCC2CCCC(C(F)(F)F)C2)c2cnccc12,0.318
BLJWZLWQWDOSMG-UHFFFAOYSA-N,Cc1cccnc1-c1cc(Oc2ccc(S(C)(=O)=O)cc2)cc(C(=O)Nc2ccn(C)n2)c1,0.752
JOWZHWLQJUVEAC-UHFFFAOYSA-N,c1csc(-c2nc3ccc4[nH]ncc4c3c3c2CCCC3)c1,0.998
YDOWIMXOKOTLRG-UHFFFAOYSA-N,Cc1n[nH]cc1-c1csc(Nc2ccccn2)n1,0.595
RMYZFVAOIVUOKB-FQEVSTJZSA-N,CCCCCCCN1CCC(=O)N([C@H](CO)Cc2ccccc2)CC1,0.004
PBYSDJPXQGOXIM-UHFFFAOYSA-N,O=C(O)COc1cc(CC2CCN(CCc3ccc4c(c3)C(=O)C(O)CO4)CC2)ccc1Br,0.003
XQHXUFTWMPGRPV-UHFFFAOYSA-N,N#CC1=C(N)Oc2ncnc(O)c2C1c1cccs1,0.797
PAKKKIKZKRULST-RUZDIDTESA-N,O=C1CC[C@](CCN2CC(N3CCC(F)CC3)C2)(c2ccc(Cl)c(Cl)c2)CN1CC1CC1,0.009
HLZVVLMUAFJYCR-ZJUUUORDSA-N,CC1(C)[C@H](C(=O)N=C(N)N)[C@H]1c1cc(Cl)ccc1Cl,0.981
GJVIERLLMILFBX-UHFFFAOYSA-N,CCn1cnc2c1c(=O)[nH]c(=O)n2Cc1ccc(CNS(=O)(=O)c2cccc(-c3ccccc3)c2)cc1,0.972
DBXNGDMPZVOHPX-UHFFFAOYSA-N,Fc1ccc(Oc2ccc(-c3nc(NCCCn4ccnc4)nc4ccccc34)cc2)cc1,0.933
TXNDQRUHIVXZPC-UHFFFAOYSA-N,CCN(CC)C(=O)c1cc(Cl)cc(C)c1NC(=O)C1CC(c2ccc(F)cc2)=NO1,0.827
FVSDFHKTRXNTNX-UHFFFAOYSA-N,COc1ccc(S(=O)(=O)N(CCc2ccccc2)CC(=O)O)cc1Cl,0.169
JJSJXYVOHHMPQN-AATRIKPKSA-N,CC1(C)OC(/C=C/c2cccnc2)=CC1=O,0.05
IXXVOBKEHRSFMP-QGZVFWFLSA-N,CC[C@@H]1C(=O)N(C)c2cnc(-n3ccc4cc(F)ccc43)nc2N1C1CCCC1,1.0
UNMPPPGEZMOFAY-UHFFFAOYSA-N,O=c1c2ccccc2nc(CCc2c[nH]c3ccccc23)n1-c1cccc(Br)c1,0.987
DKNICMFSCPSEIP-UHFFFAOYSA-N,COc1ccc(C(=O)Nc2cc(C)c(NC(=O)c3ccccn3)cn2)cc1,0.989
JXYOTCLICONIGY-UHFFFAOYSA-N,Cc1c(F)cccc1C(=O)Nc1ccccn1,0.629
YXUCGRIKEPQUEQ-ARDXYTESSA-N,C=C1C(=O)O[C@H]2[C@H]1CC/C(COC(=O)c1cn(C)c3ccccc13)=C/CC[C@@]1(C)O[C@@H]21,0.761
LPCVZVMPDVFMLI-UHFFFAOYSA-N,CC1=C(c2nc3cc(C(F)(F)F)ccc3n2C)C(c2ccc(Cl)c(Cl)c2)n2nccc2N1,0.998
BYKSGIBZZYJFEU-UHFFFAOYSA-N,Cc1cc2c(cc1-c1ccc(NCc3c(F)cccc3Cl)nc1)OC(F)(F)O2,0.999
ZMONKGJOFYGVRE-OHDFALRFSA-N,CC(=O)NC(C(=O)NCCCC(NC(=O)c1cc2ccccc2[nH]1)C(=O)N[C@H](Cc1ccccc1)C(=O)N(C)Cc1ccccc1)[C@@H](C)O,0.398
BGJPJCPOUAXYOC-UHFFFAOYSA-N,Cc1ccc(O)c(C(=O)c2cncnc2)c1,0.131
OCFACRWFEFGYDB-UHFFFAOYSA-N,Oc1ccc(O)c(C2CCCCCCC2)c1,0.999
SEOZZTGAEFZRNA-UHFFFAOYSA-N,Cc1nn2c(=O)cc(-c3ccc(OC(C)C)cc3)[nH]c2c1Cc1ccc(Cl)cc1,0.995
UIFKHGUXZDWVGO-XAYSYOTPSA-N,C[C@@]12C(=O)N(c3cccc(Br)c3)C(=O)N1[C@H](c1ccc(Cl)cc1)[C@@H]1C(=O)N(C3CCCCC3)C(=O)[C@@H]12,0.988
TVRDBPADUACMGY-UHFFFAOYSA-N,CCCCCCSc1cc(-c2nc3ccc(C)cn3c2NCc2ccccc2)ccc1OC.O=C(O)C(F)(F)F,0.353
QDTUIHOOSMFIDM-UHFFFAOYSA-N,COc1cc2c(cc1OC)C(CC(=O)O)CC2,0.002
QOBGWWQAMAPULA-RLLQIKCJSA-N,CN(C)CCO[C@]1(c2ccccc2)C[C@H]2CC[C@]1(C)C2(C)C,0.943
CHDGAVDQRSPBTA-UHFFFAOYSA-N,CCS(=O)(=O)Oc1ccc2c(C)c(C)c(=O)oc2c1,0.705
PEHIYOQUUMHTNJ-INIZCTEOSA-N,Nc1ncnc2c1nc(Sc1cc3c(cc1Br)OCO3)n2CCC1CCN(C(=O)[C@@H]2CCCN2)CC1,0.008
SVETZGCVGDLYIP-UHFFFAOYSA-N,CN(C)c1ccc(C#Cc2ncnc(NC3CCCCC3)c2-c2ccc(Cl)cc2)cc1,1.0
QHSJBEKEFQKRGE-UHFFFAOYSA-N,CC(=O)SCCSP(=O)(OCc1oc(-n2cc(C)c(=O)[nH]c2=O)cc1O)Oc1cc(-n2cc(C)c(=O)[nH]c2=O)oc1CO,0.009
GJLZZFMOTYNFTR-PKNBQFBNSA-N,CCN(C)C(=O)Oc1cccc(CCNC(=O)/C=C/c2ccc(O)c(OC)c2)c1,0.212
PKQNMQSZDCVFLD-UHFFFAOYSA-N,Cc1ncc(F)cc1C1CCCN1c1ccn2ncc(C(=O)NC3CCC3)c2n1,0.474
NOTHLVOFIJJGMM-UHFFFAOYSA-N,COc1ccc2cccc(CCNC(=O)C3CN(C(=O)c4ccncc4Cl)C3)c2c1,0.652
OYUPEYJGGPSRJI-UHFFFAOYSA-N,CN1CCN(Cc2ccc(C(=O)NN(c3nc(C#N)ncc3Br)C3CCOCC3)cc2)CC1,0.217
NEEOLTLKERUGGM-UHFFFAOYSA-N,Cc1ccc(OCCOCCN(C)C)c(Cl)c1.O=C(O)C(=O)O,0.098
QMMLHHLWVXDIKW-UHFFFAOYSA-N,Cc1ccc2c(NCc3ccc(NC(=O)C4CCN(Cc5ccc(F)cc5F)CC4)cc3)nc(N(C)C)nc2c1,0.415
RDHKGHQJVMOWRC-UHFFFAOYSA-N,O=C(O)CCn1cc(-c2ccc3c(c2)C(O)(C(F)(F)F)c2cccc(CO)c2-3)cn1,0.004
JGTHUDHDZLHWCK-UHFFFAOYSA-N,CCOCCCNC(=O)C1CCN(S(=O)(=O)N2CCCC2)CC1,0.002
ZJVCOZGAILQSJE-BMRFZXAMSA-N,CC(=O)/C=C/[C@H](CCc1ccccc1)NC(=O)[C@H](Cc1ccccc1)NC(=O)N1CCOCC1,0.21
YKRJYBLIPVQHIC-UHFFFAOYSA-N,O=C(O)c1ccc(NC(=O)c2cc3cc(Br)cc(Br)c3oc2=O)cc1,0.088
UGODZDORNQOVFI-UHFFFAOYSA-N,Cc1nc2cc(-c3cccs3)nn2c(NCC(C)(C)CN(C)C)c1C,0.001
JVYPBTFUSNVQST-WISKXVKBSA-N,CC(C)C[C@H]1CNC(=S)N1C[C@H]1CCCN1C[C@H](Cc1ccc(O)cc1)N1C[C@H](Cc2ccccc2)N(CCc2ccccc2)C1=S,0.766
YTJHJFNOCXBJFN-UHFFFAOYSA-N,CN(C)CCCN1CCCc2cc(NC(=N)c3cccs3)ccc21,0.003
GVOGABPGKFWBNS-LLSZRQSJSA-N,CCCCc1cn(CC/N=C2\C[C@H]3CC[C@]2(C)C3(C)C)nn1,0.999
QHIXZDPZNKHNBX-JKSUJKDBSA-N,COc1cccc([C@H]2Oc3cc(O)cc(O)c3C(=O)[C@@H]2O)c1,0.021
IYKQEQLCCONZGW-UHFFFAOYSA-N,CCOCCC(=O)N1CCC2(CCNCC2CO)CC1,0.0
AIZTYZRNBCCRMR-UHFFFAOYSA-N,Oc1ccc(Cc2nnc3ccc(-c4ccccc4)cn23)cc1,0.956
WYIXGZUDGCSVKP-UHFFFAOYSA-N,COc1cc(OCc2nc(-c3ccnc(F)c3)sc2C)c2cc(-c3cn4nc(C)ccc4n3)oc2c1,0.999
RGWGQAIGACORTH-UHFFFAOYSA-N,CCC(=O)Nn1cnc2c(c1=O)C1(CCCCC1)Cc1ccccc1-2,0.22
DKNPRPFGGWHHMX-UHFFFAOYSA-N,CCNC(=O)c1cccc(NC(=O)CCC(=O)c2cc(C)ccc2C)c1,0.056
WFDVOZUFGQXBMN-GICOJTESSA-N,C/C(=C1/CCOC1=O)[C@@H](O)[C@@H]1OCC[C@@H](O)[C@H]1O,0.001
KCJPHIFGAYCDQF-UHFFFAOYSA-N,COc1ccc(OC)c(CNc2ncc(-c3ccc(F)cc3)n2C)c1,0.436
AIMJDSLMZCDDNT-BXUZGUMPSA-N,CC[C@@]1(O)CCN(C(=O)c2cccnc2OC)C[C@H]1O,0.015
SKAYGFFLRFARDX-OZIXAUCHSA-N,O=C(OC[C@]1(c2ccccc2)CC[C@H](N2CCC(c3ccc(F)cc3)CC2)CC1)c1cc(C(F)(F)F)cc(C(F)(F)F)c1,0.994
MZEJDMPWCOAAGT-UHFFFAOYSA-N,c1ccc(NCCNc2ccn3ncc(-c4ccc5ccccc5c4)c3n2)cc1,1.0
RTMDCQYUXWCPQG-UHFFFAOYSA-N,CCn1sc2ccccc2c1=O,0.107
GIZYIOOBBUHOBS-UHFFFAOYSA-N,N#Cc1ccc(C(=O)N2CCC3(CC2)N=C(N)c2c(F)ccc(F)c2N3)cn1,0.508
OSPSRUWHYMZFBP-UHFFFAOYSA-N,OC(CCCN1CCc2c(c3cc(F)ccc3n2-c2ccc(F)cc2)C1)c1cccc(C(F)(F)F)c1,0.835
YCCIEQLSDVGOIO-ULKRLTICSA-N,C=C1C(C)CO[C@@]12C[C@@H](C)[C@H]1[C@H](C[C@@]3(C)[C@@H]4CC[C@H]5[C@](C)(C(=O)O)[C@@H](O)CC[C@@]56C[C@@]46CC[C@]13C)O2,0.668
XJWJQDZWUYUIEM-UHFFFAOYSA-N,NCCCN1c2ccccc2CCc2ccccc21,0.002
PPJVCMCRSKLLKO-OEAKJJBVSA-N,C/C(=N\NC(=O)c1cccc(S(=O)(=O)N2CCOCC2)c1)c1ccc(OC(F)F)cc1,0.848
BSEVBDOXBOJIQR-OCSSWDANSA-N,Cc1ccc(Cc2nn(CC(=O)N/N=C/c3ccc[nH]3)c(=O)n2CCc2c[nH]c3ccccc23)cc1,0.746
ORLARZUHOHSRIB-UHFFFAOYSA-N,CCCCCCC(=O)Nc1c2c(nc3ccccc13)N(C)CC2,0.215
BIZPODKYIXENDL-UHFFFAOYSA-N,CC(Cn1cccn1)n1cnc2cccc(F)c2c1=O,0.008
HOANBKZKJUWEFS-NEBGFLKFSA-N,O=C(N[C@@H]1O[C@H](CO)[C@@H](O)[C@H](O)[C@H]1O)c1sccc1Br,0.0
YLDWEHIXIVHXFW-QLBRXNFHSA-N,COc1ccccc1NS(=O)(=O)c1ccc(N/N=C/C=C/c2ccccc2[N+](=O)[O-])c([N+](=O)[O-])c1,0.995
QNISRMHWDPVSJV-UHFFFAOYSA-N,COc1cc(-c2n[nH]cc2-c2ccc(OCc3ccccc3)cc2)cc(OC)c1OC,0.997
GBGOLZBCTGKYRE-UHFFFAOYSA-N,CCCCCCOC(=O)Nc1ccc(NCc2ccc(F)cc2)nc1N,0.998
FHFKPIMNMYCUIH-UHFFFAOYSA-N,CCN(CC)CC.Nc1nc(=O)n(C2C=CC(COP(=O)(O)OP(=O)(O)OP(=O)(O)O)C2)cc1F,0.013
LTAQEJVORRDKTA-UHFFFAOYSA-N,CCOC(=O)C1CC(=O)C=C(OC(=O)C2CC2)C1,0.001
XSSKMYAGAJTGCW-STPXIVCJSA-N,COC(=O)N[C@@H]1CC[C@@]2(C)C(=CC[C@@H]3[C@@H]2CC[C@]2(C)C(n4ccnc4)=CC[C@@H]32)C1,0.081
JDADEROVQGCQQJ-GFCCVEGCSA-N,N[C@H](Cc1cc(Cl)c(Cl)c(-c2cncc(O)c2)c1)C(=O)O,0.013
ARUDRDZEAIFFFO-UHFFFAOYSA-N,CCC(C)(NCC(=O)NC(=O)NC)c1nccs1,0.202
PITZTJMRXGGMPN-UHFFFAOYSA-N,CCN(CC)CCOc1cc2oc(=O)ccc2cc1OC,0.001
MBNLMEFDTDUAQC-UHFFFAOYSA-N,Cc1nn(C(C)C(=O)N2CCc3ccccc32)c(C)c1[N+](=O)[O-],0.15
ZPPBDGWUMMNKPL-UHFFFAOYSA-N,C=C1C(=O)OCC1C(O)c1cn(Cc2ccc(Cl)c(Cl)c2)c2ccccc12,0.966
KTKFYAKLGPAHKA-UHFFFAOYSA-N,CN(C)c1nc2cc(-n3cnc4cc(-c5ccc(Cl)cc5)sc4c3=O)ccc2n1C,0.999
MQAGWJGGLKPBSC-UHFFFAOYSA-N,N#[N+]c1cccc(S(=O)(=O)[O-])c1,0.0
RHBJVFYWXNXPEB-UHFFFAOYSA-N,CC1=C(C(=O)Nc2ccccc2)C2(CCCCC2)C(C#N)=C(SCC(N)=O)N1,0.297
FUMFERFWSZGVIW-NGDVZMDKSA-N,Nc1ncc(-c2cc([C@H]3[C@@H]4CN(C5COC5)C[C@@H]43)nc(N3CC4CC3C4)n2)cn1,0.001
JGOAZQAXRONCCI-SDNWHVSQSA-N,C(=N/Nc1ccccc1)\c1ccccc1,0.975
WQIORBDAXGTWNE-UHFFFAOYSA-N,COc1ccc(C(=O)COC(=O)CNC(=O)c2cccs2)cc1Br,0.67
YFAWYXOUAYXLDT-UHFFFAOYSA-N,CCc1c(C)sc(NC(=O)c2ccc(C)cc2)c1C(=O)OC(C)(C)C,1.0
XZBOLNHKGZOWEI-UHFFFAOYSA-N,Cc1c(C(=O)N2CCC(c3nc(C#N)cs3)CC2)cnn1-c1nc2c(c(=O)[nH]1)CCC2,0.183
PTOCNKSXDLHDSI-UHFFFAOYSA-N,CN(N=O)c1ccccc1O,0.112
LXEAMSGDMHPGRJ-UHFFFAOYSA-N,CC1(C)CCCC(c2ccc(Cl)cc2)=C1CN1CCN(c2ccc(C(=O)NS(=O)(=O)c3ccc(NCC4CCOCC4)c([N+](=O)[O-])c3)c(Oc3cnc4[nH]ccc4c3)c2)CC1,0.99
WXJVTKCKFVWMGE-UHFFFAOYSA-N,Cn1c(SCC(N)=O)nnc1-c1ccc(S(=O)(=O)N2CCCC2)cc1,0.043
BFEFHAHFFFXJIT-FOKLQQMPSA-N,CCO/N=C1\CC(N)CN(c2nc3c(cc2F)c(=O)c(C(=O)O)cn3C2CC2)C1,0.003
INQANWBOIDMWHI-NRFANRHFSA-N,Cc1cccc(N/C(=N\C(=O)c2sc(C)nc2C)N[C@H]2CCCCN(CC(=O)N3CCCC3)C2=O)c1,0.006
SRNBPLVNLYRSLY-GFCCVEGCSA-N,C[C@@H]1Cn2c(nnc2C(F)(F)F)CN1C(=O)c1cccc(C(F)(F)c2n[nH]c(=O)c3ccccc23)c1,0.103
QNKOKCUOLJOQDF-UHFFFAOYSA-N,O=C(CSc1nc2cnc(Cl)nc2n1-c1ccc(C2CC2)c2ccccc12)Nc1ccc(C(F)(F)F)cc1,1.0
IWGYBCBNNDUSLE-UHFFFAOYSA-N,COc1ccc(CNC(=O)c2ccc(-c3nc(CSc4ccccc4)c(C)o3)cc2)cc1OC,0.989
CMZVXOQOJGOXSB-UHFFFAOYSA-N,COCCOc1ccccc1C1C(C(=O)C(C)(C)C)C(=O)C(=O)N1c1ccc(-c2ccoc2)cc1,0.918
NJESGTKAAQYDNZ-UHFFFAOYSA-N,O=C(NCCCN1CCOCC1)c1ccc(Br)s1,0.008
MILFXDLBQWNWQW-CYBMUJFWSA-N,CCc1ccc(S(=O)(=O)N2CC[C@@H](N)C2)cc1CC,0.966
JASCOAPMRJUIMY-WOJBJXKFSA-N,Cc1nc([C@](C)(O)C#Cc2ccc3c(c2)-c2nc(C(N)=O)sc2[C@](C)(F)CO3)no1,0.027
PYHQRWGUQOENPZ-UHFFFAOYSA-N,CCOc1ccccc1C=C1c2ccccc2C(=O)c2ccccc21,0.982
UPXUTRFDGOIDJI-UHFFFAOYSA-N,O=C(O)C(F)(F)F.c1cc(CNCC2Cn3nncc3CO2)co1,0.007
LWZPTPFCZNCGBD-UHFFFAOYSA-N,COc1cccc(CNC(=O)c2ccc(N3CCOCC3)c([N+](=O)[O-])c2)c1,0.928
YKYSWSVDOCPYKZ-UHFFFAOYSA-N,Cc1ccc(C)c2c1cc(C)c1nnc(SCC(=O)Nc3nc4c(s3)CCCC4)n12,0.989
DYEBQBWYGSPVPH-UHFFFAOYSA-N,O=C(NCCCCCCNC(=O)c1ccccc1)c1ccccc1,0.969
ZKQKWXGNOYDRHH-UHFFFAOYSA-N,O=C(Cc1cc(Cl)ccc1O)Nc1ccc([N+](=O)[O-])cc1Cl,0.928
AGIUPQUTLBAVDK-UHFFFAOYSA-N,CC(C)(C)OC(=O)NCCCCN(CCCN)C(=O)OC(C)(C)C,0.009
YQUMUENGLFKEDT-UHFFFAOYSA-N,COc1ccccc1-c1nnc(-c2ccc(C(=O)NNS(=O)(=O)c3cc(Cl)c(Cl)cc3Cl)cc2)o1,0.782
CMMNPBHEUAWBPK-UHFFFAOYSA-N,COc1ccc(NC(=O)c2sc3nc(-c4cccnc4)ccc3c2N)cc1OC,0.984
CFUYGGPBOBIHRG-UHFFFAOYSA-N,O=C(C(=O)N1CCc2ccccc21)c1c[nH]c2ccccc12,0.738
OJXIQJYPVLRDEZ-KRWDZBQOSA-N,COc1ccc(OC2CCN(C(=O)[C@@H](N)Cc3c[nH]cn3)CC2)cc1,0.004
AVMNJGDJGHSQDP-UHFFFAOYSA-N,CC(C)(C)C(=O)Oc1coc(CSc2nc3cc(C(=O)O)ccc3o2)cc1=O,0.003
PURMTHHDJDASBS-UHFFFAOYSA-N,N#Cc1cc(F)cc(-c2nc(-c3ccccn3)co2)c1,0.994
SRJGIPQKULJJRH-UHFFFAOYSA-N,N#Cc1ncccc1Cn1ccnc1,0.312
OKVXWLFRHOXZPA-UHFFFAOYSA-N,O=C(Oc1ccccc1)n1c(=O)[nH]cc(F)c1=O,0.053
IPFWHVBSLPSAGT-CBJLPSGESA-N,O=C(NCCCCN1CCCC1)[C@H]1[C@H](C(=O)NCCc2ccc(Cl)cc2Cl)[C@@H]2C=C[C@H]1C21CC1,0.003
AZKYYOXBOPFROK-UHFFFAOYSA-N,O=C(CSc1nc2ccccc2nc1-c1ccccc1)N1CCCCCC1,0.052
MHJNFKIKTUBIBH-UHFFFAOYSA-N,Cc1cc(N2CCC(N3CCOCC3)C2)n2nc(C)c(C)c2n1,0.0
XCDQISLHKSKFLH-PWCZCSLDSA-N,CC1=C[C@H]2Cc3[nH]c(=O)ccc3[C@@]3(C1)[C@@H]2CCCN3C(=O)CCN(C)CCCCCCCCN(C)CCC(=O)N1CCC[C@@H]2[C@H]3C=C(C)C[C@]21c1ccc(=O)[nH]c1C3,0.004
VTSKDSWGAIIDJV-UHFFFAOYSA-N,O=c1[nH]c2ccc(C3=NN=C(NCc4ccc(C(F)(F)F)cc4)SC3)cc2[nH]1,0.999
HXROWJFHWUQPAL-NXLLHMKUSA-N,O=C(/C=C/c1ccc(OS(=O)(=O)O)c(OS(=O)(=O)O)c1)O[C@@H]1C[C@](OS(=O)(=O)O)(C(=O)O)C[C@@H](OS(=O)(=O)O)[C@H]1OS(=O)(=O)O,0.0
KEPCRQPBSHAPNH-UHFFFAOYSA-N,COc1c(Cl)cc(Cl)c(O)c1C(=O)NCCN1CCN(c2ccccc2)CC1,0.947
AEZXGOOZIUWETC-RIYZIHGNSA-N,CCOC(=O)c1c(/N=C/N(C)C)sc2c1CCC2,0.086
QOKWAMNOBLWSAD-TWRBBEJXSA-N,C=C(C)[C@@H](CC)CN1CC[C@H](CNC(=O)c2ccc3cc(Cl)ccc3c2)N[C@H](CCN2CCCCC2)C1=O,0.007
LPHDIQKURFDTPO-UHFFFAOYSA-N,NC1CN(c2ccncc2Nc2ncc3ccc(-c4c(F)cccc4F)nn23)CCC1F,0.011
UPWIXROBQHXMSV-UHFFFAOYSA-N,CC1=CC(=O)N(c2ccn(C)n2)C1=O,0.002
ZDCBSMGNORWPAE-UHFFFAOYSA-N,COc1cc(-n2c3c(c4ncnc(N)c42)CCC3)ccc1NC(=O)Cn1cc(C(F)(F)F)nc1C,0.683
XXTKRPLVXDVTJR-UHFFFAOYSA-N,N#Cc1cnc(SCC(=O)N2CCCCC2)nc1N,0.044
VOEAFQUTYKPXBM-DFHRPNOPSA-N,C[C@@H](OC(=O)COCc1ccccc1)[C@H](NC(=O)c1ccccn1)C(=O)NCCCC(=O)OCc1ccccc1,0.699
LJFHNQVYXLXWBM-UHFFFAOYSA-N,O=C(Nc1cccc(-c2nn3ncccc3c2-c2ccnc(Nc3cccc(C(F)(F)F)c3)n2)c1)c1c(F)cccc1F,0.982
AYKPYAOQPANRFS-UHFFFAOYSA-N,COc1ccc(COc2ccc(Cn3cnc4cc(-c5noc(C6CCNCC6)n5)ccc43)cc2OC)cn1,0.041
MDYPEKYXGSHXAG-UHFFFAOYSA-N,CCOC1=C2CN(S(=O)(=O)c3ccc(C)cc3)C(c3cccc(Cl)c3)CC2NC(c2ccccc2)C1,0.874
IQEPXEFPEIYIJA-UHFFFAOYSA-N,CCn1nc(C(=O)NC2=NCCS2)c2ccccc2c1=O,0.018
MDXHAAVALMQUQH-KRWDZBQOSA-N,CC(=O)Nc1cc(N2CCC[C@H]2COc2ccccn2)nc(-n2nc(C)cc2C)n1,0.003
IQBOGHOYAOXFPO-UHFFFAOYSA-N,Cc1ccn(-c2ccc(NCCNC(=O)c3ccc(Br)o3)nn2)n1,0.249
HKYCNLVYXPSQOZ-UHFFFAOYSA-N,CCOC(=O)C1=C(NCc2ccccc2)N=C(c2ccccc2)N2CCN=C12,0.129
IJLCHNCPLHHMNB-UHFFFAOYSA-N,CC(=O)NCCNC(=O)c1nn(C)c2c1COc1ccccc1-2,0.027
UOVONACJLHZOCD-XBXARRHUSA-N,Clc1ccc(CN(CC/C=C/c2ccccc2)n2cncn2)c(Cl)c1,0.999
WQKUVKYSJGFULB-UHFFFAOYSA-N,COc1cc2oc(=O)c(CC(=O)NCCc3ccccc3F)c(C)c2cc1OC,0.692
JCZPOYAMKJFOLA-IMJSIDKUSA-N,O[C@H]1CNC[C@@H]1O,0.0
WERKLXJPXQLJPJ-UHFFFAOYSA-N,C=CCn1c(-c2ccccc2)ccc(C#N)c1=O,0.826
HVKYWOIKINNFPD-UHFFFAOYSA-N,CC1CCCN1c1ccc2ncccc2c1,0.338
SRVYWMPHAPBHFJ-UHFFFAOYSA-N,CC(C)(C)OC(=O)NCc1ccc2c(-c3ccc(F)cc3)cc(C(N)=O)nc2c1,0.928
WWOMIMPYEWXPPS-UHFFFAOYSA-N,CCOC(=O)Cc1ccc(N(CC)Cc2nc3cc(C(F)(F)F)ccc3nc2-c2ccccc2)cc1,0.998
GACRXNRSYVNZIM-UHFFFAOYSA-N,O=C(Nc1cccc(Cl)c1)NC(CCC(=O)N1CCN(c2nsc3ccccc23)CC1)C(=O)N1CCN(c2nsc3ccccc23)CC1,0.622
XSRVHCLDEUYBHD-UHFFFAOYSA-M,C[n+]1cccc(N(CCCCCC2CCCCC2)c2ccc(C#N)cc2)c1.[I-],0.579
SFMBZXLPYFCTAU-RMDVGAJOSA-N,CC(=O)N1[C@@H]2c3ccc(/C=C/c4ccccc4)c(=O)n3C[C@H]1[C@H](CO)[C@H]2C(=O)N(C)C,0.007
MNZZTNNRXMEJSU-DZJGSNNOSA-N,C[C@H](c1ccc(C(=O)NCCC(=O)O)cc1)N1C(=O)C(c2cccc(F)c2)=N[C@]12CC[C@@H](C(C)(C)C)CC2,0.252
QTLPNFZRBVSFGU-XMMPIXPASA-N,COC(=O)[C@H](NC(=O)c1cc(-c2ccccc2)nc2ccccc12)c1ccc(OC)cc1,0.879
DWUXOADNYZZIEE-UHFFFAOYSA-N,Cc1cccc(N2C(=O)N(c3ccccc3C)C3CS(=O)(=O)CC32)c1,0.005
OVVCFROULCDNBD-UHFFFAOYSA-N,O=C(CCC1CCCN(C(=O)c2cc3ccccc3o2)C1)NCc1ccc(F)c(F)c1,0.375
OOWGEGYPCQGHJZ-UHFFFAOYSA-N,OCCNc1cncc(-c2cc3c(cn2)cnn3-c2cccc(N3CCNCC3)n2)n1,0.004
SOYRBJOZZUIORF-UHFFFAOYSA-N,Cc1ccc(-n2c(SCC(=O)Nc3ccc(S(=O)(=O)NC(=O)Nc4ccccc4)cc3)nc3ccccc3c2=O)cc1,0.907
CXMVMWOAQBDGKE-UHFFFAOYSA-N,CCOC(=O)c1c(NC(=O)c2sc(Nc3ccccc3)nc2N(C)C)sc2c1CCCC2,1.0
HLLKPHMFUJARJP-ZEMFGHSESA-N,N[C@H](C(=O)N[C@H]1CCC(=O)N(CC(=O)O)C1=O)C1CCCN1,0.034
YYUUAXZMRDLMNI-UHFFFAOYSA-N,CCOC(=O)c1c(C)n(Cc2ccccc2)c2ccc(OCC(O)CN3CCN(Cc4ccccc4)CC3)cc12,0.582
BSMXFTMXLBAWBV-HYARGMPZSA-N,Cc1ccc(CS(=O)(=O)/C(=C/c2ccc(Cl)cc2)C(=O)c2ccc(Cl)cc2)cc1,0.99
CKYVVFHKUHKNAC-WJFTUGDTSA-N,CC(C)(CN)CNC(=O)[C@H]1[C@H](C(=O)NCc2ccc(Br)cc2)[C@@H]2C=C[C@H]1C21CC1,0.005
RRGGUNBHDQHVMD-UHFFFAOYSA-N,Cc1nc2sc3c(NCc4ccccc4)nn(C)c3c2c(C)c1Cl,0.999
KKPZLFALOZLDOU-DOTOQJQBSA-N,NC(=O)[C@@H]1OC(=O)N2c3ccc(-c4ccc(Cn5cncn5)nc4)cc3OC[C@@H]12,0.043
HNXZQKZCCDWHKO-UHFFFAOYSA-N,CC1(C)CC(C)(C)c2cc(N/C(S)=N/c3ccc(S(N)(=O)=O)cc3)ccc2S1,1.0
GOOKOBTYBFHEOR-UHFFFAOYSA-N,Cc1nc2ccccc2c(-c2cccc(Cl)c2)c1C(OC(C)(C)C)C(=O)O,0.002
FRJXMHKQNDNFBV-BZSXFTBESA-N,CC1=C(C)[C@@]2(C[C@@H](C)[C@H]3[C@H](C[C@@]4(C)c5ccc(C(C)(C)/C=C/C(=O)O)c(C)c5C(=O)C[C@]34C)O2)OC1=O,0.052
XATHNMIETPXGFE-UHFFFAOYSA-N,CCCn1ccc(NC(=O)c2ccc3nc(C(O)(c4ccccc4)c4ccccc4)n(CC)c3c2)n1,0.553
XTFONEFLPIUPRW-UHFFFAOYSA-N,O=C(NCC(c1cccnc1)N1CCN(c2ccc(F)cc2)CC1)C1CCCCC1,0.084
MKNBYEROSHNHBQ-KVSWJAHQSA-N,COc1cc(/C=N/NC(=O)c2ccc(C(F)(F)F)nc2Nc2ccc(Cl)cc2)cc(OC)c1OC,0.964
OHSXMGUTKUWAOC-VUTHCHCSSA-N,O=C(O)C1CCCN(CCN/N=C/c2ccccc2-c2ccccc2-c2ccccc2)C1,0.01
HBGLDUCFHGGDAB-UHFFFAOYSA-M,Fc1cccc2c1-c1c(F)cccc1[I+]2.O=S(=O)([O-])C(F)(F)F,0.004
CMLUQWKVHHCXOP-UHFFFAOYSA-N,C=CCCCCCCCCc1nnc(Nc2ccccc2)s1,1.0
NNKGFSWETFSILT-IUXPMGMMSA-N,COc1ccc(-c2ccc3c(c2)O/C(=C\c2ccsc2)C3=O)cn1,1.0
GBOWSHXBCIUEIK-NDHUZOIRSA-N,NC[C@H]1CC[C@H](CNC(=O)c2ccnc3nc(C4CC5CCC4C5)[nH]c23)CC1,0.002
RGDNWCIHGZTXBD-HSZRJFAPSA-N,Cc1cc(CN2CCCC[C@@H]2CO)ccc1C(=O)Cn1ccc(OCc2ccc(Br)cn2)cc1=O,0.009
CWTIJSIEKPIMMM-UHFFFAOYSA-N,COc1ccc2c(=O)c(C(=O)OCCCCCCN(C)C)c(-c3cccc(Oc4ccccc4)c3)[nH]c2c1,0.366
ZNZNICRHPGQPCX-UHFFFAOYSA-N,C=CCN1C(=O)NC2(CCCCC2)C1=O,0.893
FTAGWUVDJCQRGR-TWOPAUOSSA-N,CO/N=C(\Cc1cc(Br)c(OC)c(Br)c1)C(=O)NCCNCCNC(=O)/C(Cc1cc(Br)c(OC)c(Br)c1)=N/OC,0.729
DTJUKPBRMFXSOX-ZBZXEDRXSA-N,C[C@@H]1O[C@H](OCc2ccc3c(c2O)C(=O)c2ccccc2C3=O)C[C@@H](N(C)C)[C@@H]1O,0.096
JZBDYCMBOWBSIO-UHFFFAOYSA-N,COc1ccc(CN2CCCC(n3cc(C(=O)NC4CCCC4)nn3)C2)c(O)c1,0.119
UPNZNUZWFKDCQK-UHFFFAOYSA-N,CCOP(=O)(OCC)C(=O)Oc1ccc(Cl)cc1,0.042
TZOFMWSBWHEPLQ-UHFFFAOYSA-N,N#CC1(NC(=O)c2nccc3ccccc23)CCC1,0.806
ABAGTJARVQFMJH-UHFFFAOYSA-N,COc1ccc(-c2nnc3sc(C(C)N4C(=O)c5ccccc5C4=O)nn23)cc1,0.756
KAFILMATCGJLAJ-DOMZBBRYSA-N,COCc1c(CN[C@H]2CC[C@@H](F)C2)nn(C)c1-c1cc(F)cc(F)c1,0.007
XGVQHNUPYYISQD-UHFFFAOYSA-N,Cc1cccc(C(=O)N2CCN(c3ccc(C(F)(F)F)cn3)CC2)c1C,0.992
JOXPQBJMQDIKTQ-UHFFFAOYSA-N,Cc1nc(N2CCC3(CCCN(CCO)C3=O)C2)c2sccc2n1,0.001
LNDNDPVHCBVFLU-UHFFFAOYSA-N,O=C(O)CCCCCCCCCCCCCCCNC(=O)Nc1ccc(F)cc1,0.188
ICAGRINJJFYTOB-UHFFFAOYSA-N,Nc1n[nH]c2cccc(-c3ccc(NC(=O)C4CCCCC4)cc3)c12,0.995
KICMPUHGBLNMCN-UHFFFAOYSA-N,CNCC(=O)Nc1ccc(OC(F)(F)F)cc1.Cl,0.023
QGHLEPZBTTVHGJ-UHFFFAOYSA-N,N=C(N)NCCCC(NC(=O)C(c1ccccc1)c1ccc(Cl)cc1)C(=O)N1CCCc2ccccc2C1,0.018
QRKNYINSBXBIGH-UHFFFAOYSA-N,COc1ccccc1CN=C(S)Nc1ccc(S(N)(=O)=O)cc1,0.888
JOWKQUOOCIUAMD-UHFFFAOYSA-N,CC(C)(C)CC(=O)N1CCC(n2ncc3c(Oc4ccc(S(C)(=O)=O)cc4)ncnc32)CC1,0.443
RXZULUQRGUAOLG-OCDBVANQSA-N,O=C(O)CC/C=C\C/C=C\C[C@@H](O)/C=C/C=C/C=C\[C@@H](O)C/C=C\CCO,0.0
NXXVJKXSPBXVLO-UHFFFAOYSA-N,CN(Cc1ccc2cn[nH]c2c1)C(=O)CCc1cccc(-c2nc3c(N)ncnc3[nH]2)c1,0.074
MVQYAJKJFLZDIV-UHFFFAOYSA-N,CC1(C)CC(CCN(Cc2ccccc2)C(=O)c2ccco2)(c2ccccc2)CCO1,0.976
KFKWUTRXPAZYNN-UHFFFAOYSA-N,COc1ccccc1NC(=O)CN1C(=O)C2(OCCCO2)c2ccccc21,0.028
DDQLILOXSNJTQV-UHFFFAOYSA-M,CCCCCCOc1c(OC)cc(C(=O)Oc2ccccc2CC[N+](C)(C)C)cc1OC.[I-],0.0
NMDBMKMFARAOPP-ATANMQQVSA-N,CC[C@]1(C(=O)O)CC[C@H](C(=O)N2CC[C@](c3ccc(C(F)(C(F)(F)F)C(F)(F)F)cc3)(S(=O)(=O)c3ccc(F)cc3)C2)CC1,0.078
RBFHCAHIEQNMRT-UHFFFAOYSA-N,O=c1[nH]c2ccccc2n1CCCCN1CCN(c2ccccc2)CC1,0.098
RGIOVRFPHGJDBR-UHFFFAOYSA-M,CCCC[N+](C)(C)CC1=Cc2cccc3cccc(c23)C1=O.[Cl-],0.0
UGKOGWUDRSXQOZ-MJTSIZKDSA-N,C=C1C(=O)OC[C@H]1C(c1cc(OC)c(O)c(OC)c1)c1cc(OC)c2c(c1)OCO2,0.578
ZQYHBNRTJLLJDT-FTJBHMTQSA-N,CCOC(=O)[C@H](Cc1ccc2ccccc2c1)NC(=O)[C@@H](Cc1c[nH]c2ccccc12)NC(=O)C(C)(C)N,0.187
CCBFOQGVIFFPHI-UHFFFAOYSA-N,N#Cc1ccc2[nH]cc(CCCCN3CCN(c4cccc5nc6c(c(N)c45)CCC6)CC3)c2c1,0.044
NUEGVXRTDJLNEE-UHFFFAOYSA-N,CN(C)CCCCOC(=O)Nc1ccc(Cn2nc(-c3ccccc3C(F)(F)F)c3ccccc3c2=O)cc1,0.084
LONYNNVHDVPQNH-VEILYXNESA-N,COc1ccc(C(=O)N/C(=C\c2cccc3ccccc23)C(=O)NCCc2c[nH]c3ccccc23)cc1OC,0.997
SCUGGJJXJHUTKH-UHFFFAOYSA-N,COc1cc(Nc2ncc(-c3ccccc3N(C)C(=O)CN3CCOCC3)o2)ccc1-c1cocn1,0.068
BHGQPVMWEFIEAF-UHFFFAOYSA-N,CC(C)C(NS(=O)(=O)c1ccc2c(c1)oc(=O)n2C)C(=O)NCCc1ccccc1,0.651
LOJSURQQIVTLNL-UHFFFAOYSA-N,Cc1ccc(-c2nc(CN(Cc3c(C)nn(C)c3C)C(C)C)c(C)o2)o1,0.0
IRMLAZVFEBKCLD-YTYFACEESA-N,O=C(C1CCCCC1)N1CCN2C(=O)N([C@H]3C[C@@H]3c3ccccc3)C(=O)C2C1,0.817
DGXWEWDXKSUMLN-UHFFFAOYSA-N,O=c1c2ccc([N+](=O)[O-])cc2ncn1Cc1ccccc1C(F)(F)F,0.899
WUILLEJRRYSPRZ-CTHHTMFSSA-N,N=C(N)N[C@@H]1Cc2ccccc2[C@H]1NC(=O)C(=O)Nc1ccc(Cl)c(F)c1.O=CO,0.026
RGJOEKWQDUBAIZ-DRCCLKDXSA-N,CC(C)(COP(=O)(O)OP(=O)(O)OC[C@H]1O[C@@H](n2cnc3c(N)ncnc32)[C@H](O)[C@@H]1OP(=O)(O)O)C(O)C(=O)NCCC(=O)NCCS,0.002
KHEVEQJKEGRYGK-QXONTCKQSA-N,COCCN1C(=O)C2(N=C1N)c1cc(CCC(C)C)ccc1C[C@]21CC[C@@H](OC)CC1,0.321
FDGHNDMFQXREFC-UHFFFAOYSA-N,CC(C)(C)c1ccc(-c2cn(C(CN3CCSCC3)c3ccc4sc5ccccc5c4c3)nn2)cc1,1.0
XAKFGUJDOOSGLA-ZRDIBKRKSA-N,Oc1nc(Nc2ccccc2)sc1/C=C1\C=Nc2ccccc21,0.989
NBPXVOSSMHRDJZ-UHFFFAOYSA-N,Cc1c(-c2ccc(O)c(O)c2)c(=O)oc2ccc(Cl)cc12,0.374
SUYXKWWKUKREST-HZUVFDMRSA-N,Cc1ccc(/C=N/NC(=O)Cn2nc(/N=C/c3ccc(C)cc3)c3ccc(C(F)(F)F)nc32)cc1,0.999
VRFLASTXVGXXTO-UHFFFAOYSA-N,Cc1nc(C)n(-c2ccc(Nc3cc(-c4nn(C)cc4C)ccn3)cc2)n1,0.129
CVFPVTDPQORHEL-UHFFFAOYSA-N,Cl.OC(CNC1CCCCCC1)c1ccc(Cl)c(Cl)c1,0.491
XDOKHHIHQWUBSF-UHFFFAOYSA-N,CCCNC(=O)COC(=O)c1cc(C)nc2ccccc12,0.018
AZNFEKMBPZVEHH-UHFFFAOYSA-N,CCC1(CC)CC1C(=O)NCC(=O)N1CCN(Cc2cc(Cl)ccc2N)CC1,0.418
FEOYUCWLDPEHMW-UHFFFAOYSA-N,CC(C)c1ccc(C(=O)N2CCCC(c3cc(C(=O)Nc4ccc5c(c4)OCO5)no3)C2)cc1,0.996
CHTQGTQAWFRXST-OVCLIPMQSA-N,CCOC(=O)Cn1nc(C)n(/N=C/c2ccncc2)c1=O,0.003
PISGEVPDOXRNAQ-SLJXHRAUSA-N,C=C[C@]1(C)C[C@@H](OC(=O)CSc2ccccc2NC(=O)CN2CCN(c3ccccc3)CC2)[C@]2(C)[C@H](C)CC[C@]3(CCC(=O)[C@H]32)[C@@H](C)[C@@H]1O,0.502
GQFHYZBKRJHYAC-UHFFFAOYSA-N,CCCc1n[nH]c(C2CN(CCCS(C)(=O)=O)CCO2)n1,0.001
IAVNJUYGRPZKCF-FTBISJDPSA-N,Cl.O=C(Nc1ccc(CCNC[C@H](O)COc2ccccc2)cc1)c1ccccc1,0.259
KMELZRUXHYVFBM-UHFFFAOYSA-N,CCN(CC(=O)NCc1ccc(F)cc1)C(=O)C(C)Oc1cccc(Cl)c1,0.969
HBVXRUIPTGRFDT-PLCAQUOPSA-N,CS(=O)(=O)N1C[C@@H]2CCCC[C@H](NC(=O)c3ccccc3)C(=O)N2[C@H](C(=O)N[C@H]2CC(=O)OC2O)C1,0.037
YIIMDPFPUHZTTA-VQTJNVASSA-N,CC(=O)OC[C@@H]1CN(Cc2ccccc2)C[C@H](n2cnc3c(N4CCCC4)ncnc32)O1,0.043
IMQLMEGDRFUMLA-UHFFFAOYSA-N,Cc1ccccc1-c1cc2c(Nc3ccncc3)ncnn2c1,0.976
ZZCGYYMWYHEEBE-UHFFFAOYSA-N,Cc1nc(N)ncc1CNC(=O)Cn1c(C)ccc(NS(=O)(=O)Cc2ccccc2)c1=O,0.012
BUDXDTRWVOLBAH-UHFFFAOYSA-N,CNc1ccc(CNCc2cccc(-c3ccc(-c4nc5ccccc5[nH]4)s3)c2)cc1,0.825
MGGVELXUGLBXKY-BWAHOGKJSA-N,CN(C)c1ccc(/C=C(\NC(=O)c2ccccc2)C(=O)Nc2cccc(C(=O)NCCCO)c2)cc1,0.69
WOWNOIWGVRNZFD-UHFFFAOYSA-N,CC1CC(OCC(O)CN2CCN(Cc3ccccc3)CC2)CC(C)(C)C1.Cl,0.796
GUVLEBBZKMQLIY-UHFFFAOYSA-N,c1ccc(-n2cc3cnc4ccccc4c3n2)cc1,0.99
QAOHORSYOWQUDA-UHFFFAOYSA-N,Cc1cc(NC(=O)Cn2cc(-c3ccc(Cl)cc3)nn2)no1,0.967
CCUVHKGWZHIHRZ-UHFFFAOYSA-N,O=C(COn1nnc2ccc(C(F)(F)F)cc21)Nc1c(Cl)cccc1Cl,0.746
DPDWNGMHHFIEDB-ONEGZZNKSA-N,C/C=C/C(=O)OCC(=O)Nc1nc2ccc(C)cc2s1,0.823
WJILKEGNHFTPCY-UHFFFAOYSA-N,O=S(=O)(c1cccnc1Cl)N(Cc1ccc(F)c(C(F)(F)F)c1)c1sc2ccccc2c1Br,0.963
HDONVKMMRZKRCC-UHFFFAOYSA-N,O=C(Nc1n[nH]c2nc(-c3ccco3)c(Br)cc12)C1CCN(Cc2ccccc2)C1,0.932
JVLBPIPGETUEET-GAAHOAFPSA-O,C[N+]1(CC2CC2)CC[C@]23c4c5ccc(O)c4O[C@H]2C(=O)CC[C@@]3(O)[C@H]1C5,0.005
VBCRJDNMBJIINH-WUXNSVGLSA-N,CCC(=O)OC(OP(=O)(OC(OC(=O)CC)C(C)C)C(CCC/C=C(\C)CC/C=C(\C)CCC=C(C)C)S(=O)(=O)O)C(C)C,0.001
BNCPMPMXSHXOQK-UHFFFAOYSA-N,Nc1nc(O)c(N=O)c(NCCCOc2ccc([N+](=O)[O-])cc2)n1,0.612
WZBRZPMFTHHQQX-IGMJJTELSA-N,CCN(C[C@H]1N[C@@](C)(C(=O)OC)[C@H]2C(=O)N(C)C(=O)[C@@H]12)C(=O)Nc1ccc(F)cc1,0.016
CXVQTAXBJPZJHU-UHFFFAOYSA-N,O=C(NCCC1CN(Cc2c[nH]cn2)CCO1)c1ccccc1O,0.084
BQQUXECVVCRHDK-UHFFFAOYSA-N,Cc1ccc(S(=O)(=O)N2N=C(C(F)(F)F)CC2c2ccc3c(c2)OCO3)cc1,0.986
WPQIUQXWDUZDBI-UHFFFAOYSA-N,O=C(O)c1ccc(NC(=O)c2ccc(C(=O)O)cc2)cc1,0.001
PXIIPKRDSWOMFX-UHFFFAOYSA-N,O=C(c1ccc(-c2ccc(O)c([N+](=O)[O-])c2)cc1)C(Cl)Cl,0.693
NBOHLSNSJWULOZ-UHFFFAOYSA-N,O=C(CSc1nnc(CCc2ccccc2)n1-c1ccc(Cl)cc1)c1ccccc1,0.999
HKTXFVWXZLHUBT-GNVNBFNNSA-N,COc1cc2c(c3oc4ccc(C)cc4c(=O)c13)[C@@H](OC(=O)C13CCC(C)(C(=O)O1)C3(C)C)[C@@H](OC(=O)C13CCC(C)(C(=O)O1)C3(C)C)C(C)(C)O2,0.991
DLZIJJOVXGIHAK-UHFFFAOYSA-N,Cc1cc(OCC(C)(C)C(=O)O)ncc1-c1ccc(-c2nc(C(F)(F)F)c[nH]2)nc1,0.017
GFPQRHXCPZSHRH-SOFGYWHQSA-N,COc1cc2ncnc(Nc3ccc(Cc4ccccn4)cc3)c2cc1NC(=O)/C=C/CN1CCCC1,0.035
BSFRBDSIZRGQJQ-UHFFFAOYSA-N,Cc1cc(OCC2=NCCO2)ccc1Cl,0.999
DCDJWNFOPNVBIM-FQEVSTJZSA-N,COc1cc(Oc2ccc(S(=O)(=O)N3CCSC(C)(C)[C@@H]3C(=O)NO)cc2)cc(OC)c1OC,0.809
SFBCUCSYEFFAGV-UHFFFAOYSA-N,CC(=O)N1CCC(c2ccnc(Nc3cnccn3)n2)C1,0.001
HGNMYGRBKGXPFK-JWFWCLOMSA-N,COC(=O)C1[C@@H](c2ccc(-c3ccccc3)cc2)CC2CC[C@H]1N2C,0.162
YIGLINOPTZCHQC-UHFFFAOYSA-N,Cc1cccc(F)c1Oc1cccc(F)c1OC1CCNCC1,0.135
MFKGYAQUHJGNCA-UHFFFAOYSA-N,CCCOP(=O)(Cc1ccc(-c2nc3ccccc3s2)cc1)OCCC,0.996
BHFHRFOGMATRRK-UHFFFAOYSA-N,O=c1c2cc(O)ccc2ccn1Cc1ccccc1,0.563
ANWOEKIATLTCTA-UHFFFAOYSA-N,O=C(Nc1ncc(Cc2ccccc2)s1)C1CCCC1,0.991
LAWZRWFMAAIMKC-QWAKEFERSA-N,Cc1ccc(S(=O)(=O)N2CCC(C(=O)N[C@H](C(=O)NCC3CCCO3)C(C)C)CC2)cc1,0.329
GACZLMXVTORVRP-UHFFFAOYSA-N,CSc1cnc(OCCOc2ncnc(NS(=O)(=O)c3ccc(C(C)(C)C)cc3)c2-c2ccncc2)nc1,0.91
MJHMABNIGSEYKN-UHFFFAOYSA-N,O=C(CSc1ncccc1C(=O)O)c1ccccc1,0.029
MSUMZPSOTCJIBZ-UHFFFAOYSA-N,CN(C)CCCOC(=O)CCCn1c2ccccc2c2nc3ccccc3nc21,0.005
VOVZEDVHSSTHNO-UHFFFAOYSA-N,COc1ccc(-c2coc3cc(OCCN4CCCC4)ccc3c2=O)cc1,0.042
NGVUCJQUYYULDY-UHFFFAOYSA-N,O=C(O)c1c[nH]c2cc(F)c(-c3ccc(C4(O)COC4)cc3)c(F)c12,0.011
QORKFWILWPYIJT-CLOONOSVSA-N,CCOC(=O)[C@@]1(Cc2ccc(OCc3cc(C)nc4ccccc34)c(F)c2)C[C@@H]1C(=O)NO,0.178
ZBPWZFHOPPASBX-IPZCTEOASA-N,COc1ccc2[nH]cc(C(=O)NC/C=C/CN3CCN(c4ccccc4OC)CC3)c2c1.O=C(O)C(=O)O,0.037
XVZRRPTWUCAMMV-UHFFFAOYSA-N,Cc1nc(CN2CC(S(=O)(=O)NC3CCCC3)C2)no1,0.004
JESULJQFGFJISO-UHFFFAOYSA-N,CC1SC(C)(C)C(=O)N1CCCCN1CCN(c2cn(-c3ccccc3)c3cc(F)ccc23)CC1,0.031
QBSNBQQWRUSRPH-SNAWJCMRSA-N,CN(C/C=C/c1ccc(F)cc1)Cc1coc2ccccc12,0.934
ZLLXFXKKMDXGIZ-ZZTWKDBPSA-N,CC(C)[C@@H](C(=O)N1Cc2ccccc2C[C@H]1C(=O)NCCCC[C@H](NC(=O)[C@@H]1Cc2ccccc2CN1C(=O)[C@H](C(C)C)N(C)C)C(N)=O)N(C)C,0.007
HPGLTLKBQDAPOP-UHFFFAOYSA-N,CC(C)CN(Cc1cc(Cl)c2c(c1)OCCCC2)C(=O)C(C)CNCc1cccc2cc[nH]c12,0.408
CCACMEAVVKCUJV-UHFFFAOYSA-N,O=c1nc(N2CCOCC2)oc2ccc(-c3cccc4ccccc34)cc12,0.999
LSWSVRPZMWEOIY-IADYIPOJSA-N,CCCN(CCC)C(=O)C(Oc1cc(/C=C2\SC(=S)N(CC(=O)O)C2=O)ccc1OCCc1ccccc1)c1ccccc1,0.277
MVFGTOOHPKYDMF-UHFFFAOYSA-N,FC(F)(F)c1cc(Oc2ccccn2)ccc1-c1cccc2nccn12,0.566
ZMKPRFLOBXQPQX-UHFFFAOYSA-N,COc1ccc2c(nc(Nc3c(C)cccc3Cl)c3cnc(CCCO)n32)c1OC,0.053
UIHVCCIRURNIAB-UHFFFAOYSA-N,O=NNc1ccc(SSc2ccc(NN=O)cc2)cc1,0.968
ZWKAPACSPOCNQE-UHFFFAOYSA-N,COCC1CC2CCC(C1)N2c1nc(N2CCC(C(N)=O)C2)nc2scc(-c3ccccc3OC)c12,0.721
URGBWOONWGBUDF-UHFFFAOYSA-N,COc1cc(CN2CCCC(CCC(=O)NCc3ccc(C)o3)C2)cc2c1OCO2,0.001
DOMAMGPONYVFBD-UHFFFAOYSA-N,Cc1csc2nc(-c3ccccn3)nc(Nc3ccc4ncsc4c3)c12.Cl,0.994
CFNYSLVJMDSAMV-BBUCOZJOSA-N,COc1c(O[C@@H]2O[C@H](CF)[C@@H](O)[C@H](O)[C@H]2O)cc2c(c1OC)-c1ccc(SC)c(=O)cc1[C@@H](CNC(C)=O)CC2,0.001
ZTWFTDPXHKZXGN-UHFFFAOYSA-N,Brc1ccccc1-n1cc(CN2CCN(c3nc4ccccc4c4ccccc34)CC2)nn1,0.778
MQQYVVHTILNTJB-UHFFFAOYSA-N,O=C(CCNS(=O)(=O)c1ccccc1)NNC(=O)c1csc(N2CCOCC2)n1,0.021
XVRWCSRQQDADOD-UHFFFAOYSA-N,CC1(C(=O)Nc2cccc(OC(F)(F)F)c2)Cc2c(-c3ccc(C(N)=O)cc3)ccnc2O1,0.985
NKFKYIYEPVAHIL-UHFFFAOYSA-N,CCc1nc(C2CCCN2C(=O)CCn2cncn2)no1,0.0
LOICDZVVRHOLQF-UHFFFAOYSA-N,N#Cc1ccccc1N1CCCN(C(=O)CCc2ccsc2)CC1,0.006
PUODBHNSIZAAAP-UHFFFAOYSA-N,CN(C)S(=O)(=O)c1ccc(C(=O)NCCSc2ccccc2)cc1,0.991
CLVMUFNPZQJGKR-UHFFFAOYSA-N,O=C1SC(=Cc2c3ccccc3nc3ccccc23)C(=O)N1Cc1ccc(Br)cc1,0.995
SDMMTJGBQDTLSJ-SJPCQFCGSA-N,CC(Oc1ccc(NC(=O)c2ccc(N3C[C@@H](C)N[C@@H](C)C3)cc2)nc1)c1c(Cl)cncc1Cl,0.722
PNVNVHUZROJLTJ-INIZCTEOSA-N,COc1ccc([C@H](CN(C)C)C2(O)CCCCC2)cc1,0.0
UDEIJCCUYJHGMJ-UHFFFAOYSA-N,COc1ccc(S(=O)(=O)NCCSc2nnnn2-c2ccccc2)cc1OC,0.947
NSOSGFJJXFKRDG-DSKATIKOSA-N,OC[C@@H]1OC(n2c(S)nc3c(O)ncnc32)[C@@H](O)[C@H]1O,0.0
XPYFYVJCMDDGKF-UHFFFAOYSA-N,COC(=O)NCc1ccc(C(=O)Nc2cc(-c3cccs3)ccc2N)cc1,0.976
GBBWQFWDULNWTL-FMIVXFBMSA-N,N#C/C(=C\c1cccs1)C(=O)c1ccccc1,0.883
REKCCTKBSOCNFL-UHFFFAOYSA-N,COc1cccc(CNC(=O)c2cc(CNCc3ccccc3)ccc2-c2cccc(CNCc3ccc(-c4ccccc4)cc3)c2)c1.O=C(O)C(F)(F)F,0.124
OUQVWKTYBJMMEI-LYCTWNKOSA-N,C[N+](C)(C)C[C@H]1C[C@H]1COC(=O)Nc1ccc(Cl)cc1.[I-],0.0
WDGBMRPLOQQTOB-UHFFFAOYSA-N,Cc1noc(C)c1-c1cnc(N)c(Sc2ccc(C(=O)Nc3ccc(Cl)cc3)cc2)n1,0.997
KPEIMIADJYJKLL-UHFFFAOYSA-N,COCCN(C(=O)c1ccc(-c2ccc([N+](=O)[O-])cc2)o1)c1c(N)n(CC(C)C)c(=O)[nH]c1=O,0.907
ODINSXGBBWONEF-UHFFFAOYSA-N,COc1ccc(-c2csc(NC(=O)C3CC(=O)N(Cc4ccco4)C3)n2)cc1,0.733
FMYGVUPLTUXIEH-QBFSEMIESA-N,CC1CC(C)(C)N2C(=O)/C(=C3\SC(=O)NC3=O)c3cccc1c32,0.85
UJYWZXXFPKUKST-UHFFFAOYSA-N,CCOc1cccc(C(=O)Nc2c(C)cc(Br)cc2C)c1,0.999
KPQLWJWAGXJIST-GTJPDFRWSA-N,COC(=O)[C@](F)([C@@H]1CCc2c([nH]c3ccc(Cl)cc23)C1)S(=O)(=O)c1cccc(Cl)c1,0.987
OUYKCUYBKAHHDX-UHFFFAOYSA-N,CCc1cc(-c2ccc3c(c2)CCC3=O)ccc1OC,1.0
MDXDJHMIICHKBK-GFTXTJKWSA-N,COc1cc(C(CC=C(C)C)SC(=O)c2ccc(C(F)(F)F)cc2)c(OC)c2c1/C(=N/O)C=C/C2=N\O,0.995
AVKFJGHNZWYFBR-GQTPQPSSSA-N,CC(C)[C@H](NC(=O)[C@H](Cc1ccccc1)C[C@H](O)[C@H](Cc1ccccc1)NC(=O)OC(C)(C)C)C(=O)NCC(O)CO,0.027
ROINLXVKCNAWIS-HTHPJJGESA-N,COC(=O)C(Cc1ccccc1)NC(=O)[C@]12CC[C@@H](C)[C@H](C)[C@H]1C1=CC[C@@H]3[C@@]4(C)Cc5cncnc5C(C)(C)[C@@H]4CC[C@@]3(C)[C@]1(C)CC2,0.989
VOVCTAUPQUZCCT-UHFFFAOYSA-N,Cc1c(C)n(CC(C)C)c2ncnc(Nc3nccs3)c12,0.224
IEHDJWSAXBGJIP-RYUDHWBXSA-N,CC(C)[C@H](NC(=O)[C@@H](N)Cc1ccccc1)C(=O)O,0.011
STHXBYBOTUFDBJ-UHFFFAOYSA-N,NC(=O)c1ccccc1OCCCNCCc1cn(S(=O)(=O)c2ccccc2)c2ccccc12,0.18
CSJFIKIDEFCFSE-UHFFFAOYSA-N,CCN1C(=O)OC2(CCN(CCCC(=O)OC)CC2)C1=O,0.011
WTYHHLUYXYYOKH-UHFFFAOYSA-N,O=C(Cc1ccc(Cl)cc1)Nc1nc2ccccc2o1,0.977
DZVXRWNHDDUKKP-UHFFFAOYSA-N,CCOc1ccccc1C(=O)NCC(=O)OCC(=O)NCCc1ccc(S(N)(=O)=O)cc1,0.025
YUSCAAHQWLTSSG-IBGZPJMESA-N,CN(CCCN1C(=O)[C@@H]2Cc3ccccc3CN2C1=O)c1ccccc1,0.845
CMARQECGDGAALM-SYPWZQQWSA-N,C[C@]12C=C[C@@]3(CC[C@@H]4[C@@](C)(COC(=O)C(=O)O)CCC[C@@]4(C)[C@@H]3CC1)C2,0.069
XSCGKIDMJUFUJZ-UHFFFAOYSA-N,COc1ccc(-c2nnc(S)n2-c2ccc(C)cc2)cc1,0.54
ZKDZHSAMEVMGFN-IZAXUBKRSA-N,NC[C@H]1C[C@@H](c2nc(-c3cccc(OCc4ccccc4)c3)c3c(N)nccn32)C1,0.151
QUHZPVGXUMNKLN-UHFFFAOYSA-N,COCCOc1ccc(-c2nc3ccc(OC(F)(F)F)cc3[nH]2)nc1,0.997
BZKKQQPSWQGCMH-UHFFFAOYSA-N,CCOc1ccc2[nH]nc(-c3cc(N4CCN(S(C)(=O)=O)CC4)ncn3)c2c1,0.052
FQEKYKDBYAXLIL-UHFFFAOYSA-N,O=C1NCCCCC1NS(=O)(=O)c1ccccc1,0.004
GDFYISKVYDVGFG-UHFFFAOYSA-N,NS(=O)(=O)c1ccc(CNc2ncc(-c3ccncc3)c(C3CC3)n2)cc1,0.926
CSBDJXWCRHWQMP-UHFFFAOYSA-N,COc1ccc(-c2cc(-c3cccn3C)c(C#N)c(=O)n2C=O)cc1OC,0.212
RUWJYZIJCACDAR-UHFFFAOYSA-N,CCC1(N2CCC(c3cc(-c4ccc(F)cc4Cl)c4c(c3)N(c3c(Cl)cccc3Cl)C(=O)NC4)CC2)CC1,0.942
GITDMVCYTPOEOY-IBGZPJMESA-N,COc1ccc([C@@H]2C=CCCN2S(=O)(=O)c2ccc(C)cc2)cc1,0.965
YHUDTIVTAMYXRA-UHFFFAOYSA-N,O=C(COc1ccc(Br)cc1)Nc1ccc(CN2CCOCC2)cc1,0.947
CFAJCUCOHAWNJJ-UHFFFAOYSA-N,CNc1cc(NS(C)(=O)=O)ccc1Nc1c2ccccc2nc2ccc(C)cc12,0.063
JFETVROTFMZCOR-UHFFFAOYSA-N,CCCCCCCCC(C(=O)O)C1CCCCC1,0.044
VJMVNQZATKXTJV-UHFFFAOYSA-N,c1coc(-c2nc(CN3CCOC(Cn4cccn4)C3)cs2)c1,0.002
CHWVDGYLKPLBES-UHFFFAOYSA-N,COc1ccccc1-c1ccc(C(=O)O)o1,0.002
HYIYBWCTLLQRLQ-NBFOIZRFSA-N,CCN1CC[C@H]2c3cc(OC(=O)NC)ccc3CC21,0.003
XREHYRWLXAQXTL-UHFFFAOYSA-N,CCCCCCCCCCCNC(=O)Oc1cc(O)c2c(=O)c(-c3ccc(OC)cc3)coc2c1,1.0
AADJNJPMKRFPHI-UHFFFAOYSA-N,N#CC1=C(N)C2=C(c3ccccc3)C(c3ccccc3)=NNC2[Se]1,0.667
XLNVUHRIUOLYPA-KWSAYTQBSA-N,Cc1c/c(=N/CC/N=c2/cc(C)c3ccc(O)c(/N=N/C4=NCCS4)c3o2)oc2c(/N=N/C3=NCCS3)c(O)ccc12,1.0
HLQRUSCKAUPCMH-UHFFFAOYSA-N,CCOC(=O)C1(Cc2ccc(OC)cc2)CCN(C(=O)c2cccc3nccnc23)CC1,0.175
KQHIHMAVKVHVAP-UHFFFAOYSA-N,CCOC(=O)C(C)n1nc(-c2ccc(Br)cc2)ccc1=O,0.666
DNCFKDLZZSXXJP-UHFFFAOYSA-N,CSc1nn(-c2c(Cl)cc(C(F)(F)F)cc2Cl)c(N)c1Br,0.943
DAQZLXYFNHPPBP-UHFFFAOYSA-N,CCN(CC)c1ccc2cc(C(=O)NC3(C(=O)N(C)N(C)C#N)CCCCC3)c(=O)oc2c1,0.389
BYHFCNJOCRSEFD-UHFFFAOYSA-N,C=CCSc1nnc(NC(=S)Nc2ccc(I)cc2)s1,0.994
LEPCKTURENVSIR-HMLJSJRSSA-N,CCCSc1nc(N[C@@H]2C[C@H]2c2ccc(F)c(F)c2)c2nnn([C@@H]3C[C@H](OC(=O)C(C)(C)C)[C@@H](O)[C@H]3O)c2n1,0.997
NBWSZUBDTQVNLG-RBBKRZOGSA-N,COc1ccc([C@@H]2Cc3cc(C(F)(F)F)ccc3N(CCN(C)C)C(=O)[C@@H]2OC(C)=O)cc1,0.113
GINWZNNPOTUXQY-VHXPQNKSSA-N,Cc1ccc(S(=O)(=O)c2cc3ccccc3o/c2=N\c2ccc3c(c2)OCO3)cc1,0.998
GCBZZUUQWDUVQZ-UHFFFAOYSA-N,CN(C)C(=O)c1snnc1-c1ccccc1,0.022
CFMUZUVRPWGTOR-UHFFFAOYSA-N,CCCCc1nn(-c2cc(NC(=O)CC)ccc2Cl)c(=O)n1Cc1ccc(-c2ccccc2S(=O)(=O)NC(=O)c2ccccc2Cl)cc1F,0.745
CESDIODVYNIIPQ-UHFFFAOYSA-N,Cn1cc(C(=O)O)c(=O)c2ccc(N3CCN(c4nccs4)CC3)nc21,0.046
YPNLWBMYQOVDOU-UHFFFAOYSA-N,Cc1cc(C)n2nc(SCC(=O)N(C)C3CCCCC3)nc2n1,0.0
INUNXTSAACVKJS-NRFANRHFSA-N,C[C@@H](CN1CCOCC1)C(C(=O)N1CCCC1)(c1ccccc1)c1ccccc1,0.007
KMBWACMXGIVAMT-UHFFFAOYSA-N,CC(C)OP(=O)(OC(C)C)C(O)c1cccc([N+](=O)[O-])c1,0.011
YSSIVDQDOKWLPW-YCELRVBUSA-N,Cn1nc([C@H]2C[C@H]3CSC(N)=N[C@@]3(c3ccc(F)cc3F)CO2)cc1F,0.029
LLKUTDWMTVLVHZ-JCMHNJIXSA-N,Cn1/c(=N/NC(=O)c2cccc(F)c2)sc2cc(OC(F)(F)F)ccc21,0.999
IWVCMVBTMGNXQD-RKLSJVJESA-N,CN(C)[C@@H]1C(O)=C(C(N)=O)C(=O)[C@]2(O)C(O)=C3C(=O)c4c(O)cccc4[C@@](C)(O)[C@H]3[C@H](O)[C@@H]12,0.031
ZRNWTEIKIUWPFT-UHFFFAOYSA-N,COc1ccc(-c2cc(OCCCN3CCCCC3)c3c(-c4cccs4)c(N)oc3c2)cc1OC,0.1
WSTUKPKFASCSPC-UHFFFAOYSA-N,CCOC(=O)C(=O)Nc1cc(C)c(Oc2ccc3[nH]cc(C(C)C)c3c2)c(Cl)c1,0.995
DRNVBQWMNNPEEW-UHFFFAOYSA-N,O=C(CCn1cccn1)N1CCSCC1,0.001
DIEZPUQWGLSRSX-UHFFFAOYSA-N,O=C1C=C(Nc2ccc(Cl)cc2)CC(c2ccco2)C1,0.086
WWSJJRURCYJJTP-UHFFFAOYSA-N,CC(C)(C)CC(C)(C)NC(=S)NO,0.041
GONUYIXKBIPRQU-UHFFFAOYSA-N,CCCCc1nc(Cl)c(CO)n1Cc1ccc(NC(=O)Cn2cccc2C(=O)OC)cc1,0.959
OICHSSVFKOAHEK-UHFFFAOYSA-N,Cc1cc(C(F)(F)F)nn1-c1ccc(Oc2ccc(S(=O)(=O)Nc3nccs3)cc2C#N)c(C(C)C)c1,0.955
UEEYQEMKIXZIGW-UHFFFAOYSA-N,O=C(NC1Cc2ccccc2C1)Oc1cccc(-c2ccccc2)c1,1.0
LCGMLPPGXVKXSO-UHFFFAOYSA-N,Cc1ccc(-n2c(C)cc(C(=O)CSc3nncs3)c2C)cc1,0.202
BESJMQDNPAGIEM-UFHCJVJASA-N,CCCCCCCC(=O)O[C@H]1[C@H]2C(=C(C)[C@@H]1OC(=O)c1cccc(C)c1)[C@@H]1OC(=O)[C@@](C)(O)[C@@]1(O)[C@@H](OC(=O)CCC)C[C@]2(C)OC(C)=O,0.958
LAVDAHBRWQWCEE-WQRHYEAKSA-N,O=C(O)/C(O)=C/C(=O)c1cc2ccccc2n1Cc1ccccc1,0.01
VTSGYJHHFSZLHK-UHFFFAOYSA-N,O=C(NCC(=O)N1CC(O)CC1C(=O)N1CC(O)CC1C(=O)OCc1ccccc1)OCc1ccccc1,0.054
FDQZRSAVZSDOIH-UHFFFAOYSA-N,Cc1cc(C)nc(SCC(=O)Nc2cccc(COc3ccc(NS(=O)(=O)c4ccccc4)cc3)c2)n1,0.991
HKTFTSJMKJDHIE-UHFFFAOYSA-N,CC(c1nc2c(cnn2C2CCOCC2)c(=O)[nH]1)N1CC(Oc2cccc(Cl)c2Cl)C1.O=C(O)C(F)(F)F,0.002
OXYZHFWSNIKIBZ-UHFFFAOYSA-N,COc1cccc(-c2cc(C(=O)Nc3cc4ccc(OC5CCNCC5)c(C)c4oc3=O)ccc2OC)c1,0.912
QJVMAVUCABDIBY-UHFFFAOYSA-N,CCN(CC)Cc1coc(-c2ccc(C)cc2)n1,0.0
KUFFIEBVYHIWTO-UHFFFAOYSA-N,O=C(O)c1ccc(S(=O)(=O)N2CCOCC2)o1,0.002
HMBAGIWVHSMZGN-UHFFFAOYSA-N,CC1(C)NC(=O)N(CCc2ccccc2)C1O,0.006
GBECRGFASNNNDE-OLZOCXBDSA-N,CC(=O)c1cc(C(=O)N2CC[C@H]3CC[C@@H](C2)N3C)c(=O)[nH]c1C,0.453
UJICCOKPNCAOLV-UHFFFAOYSA-N,CN(C)CCOc1cncc(N2CCCCC2)c1,0.001
DFIYXVFBAYHFHF-SFHVURJKSA-N,CC(C)(C)COCc1ccc2c(c1)CCn1c-2cc(OC[C@@H]2COCCO2)nc1=O,0.795
PCXIPRGEKJXOBL-UHFFFAOYSA-N,Cc1cccc(-c2ccn(C)c2)c1,0.965
YKLSTZWRVBALCY-ZTCCBMIJSA-N,C#CCOC(=O)[C@]12CCC(C)(C)C[C@H]1C1=CC[C@@H]3[C@@]4(C)CC[C@H](O)[C@@](C)(CO)[C@@H]4CC[C@@]3(C)[C@]1(C)CC2,0.992
YWUIURMXEQXMRN-UHFFFAOYSA-N,CN(C)CCCN1c2ccccc2CCc2ccc(CCCOCc3cccc4ccccc34)cc21,0.336
GBLRRACOKGGFKV-AXLPPOLRSA-N,CC[C@H](C)Nc1cc(C(=O)N[C@@H](Cc2ccccc2)[C@H](O)[C@@H]2CCCN2)cc(S(C)(=O)=O)n1.Cl,0.003
FNBYOSZOQAZRAW-KWCFWXNCSA-N,C=CC(=C)CCC1(C)C(C)CC(=O)C23C(=C[C@H](OC(=O)CCC)CC12)[C@@H](OC(C)=O)O[C@H]3OC(C)=O,0.632
MKIVOQUHWWFPIM-TUFYWOIXSA-N,O=C(O)CCC[C@H](O)[C@@H](/C=C\c1ccccc1OCCCCOc1ccccc1)Sc1ccc(C(=O)O)cc1,0.004
FYNBMTFTUIYCJV-MHPIHPPYSA-N,C[C@H]1CN([C@@H](C)CO)C(=O)c2cccc(NC(=O)c3nc4ccccc4s3)c2O[C@H]1CN(C)C(=O)Nc1ccc(C(F)(F)F)cc1,0.665
RLNMCUAMQQOYEG-NTEUORMPSA-N,O=C(O)/C=C/c1ccc(OC(=O)CCc2ccccc2)c(OCc2ccc(Cl)cc2)c1,0.243
JREBGRHWCUPUKA-DSPMFFIESA-N,Cc1cc(O)cc(C)c1C[C@H](N)C(=O)N[C@H](CCCNC(=N)N)C(=O)N[C@H]1Cc2ccccc2CN(CCC(=O)N(C)Cc2ccccc2)C1=O,0.008
RHDPXJYWOWFLJU-UHFFFAOYSA-N,Oc1cccc(Nn2cccc2)c1,0.019
TWMPICDWJCTBGT-UHFFFAOYSA-N,CCn1cc(NC(=O)Nc2ccc3c(c2)OCCO3)cn1,0.018
GWERFVJRQFKXQG-UHFFFAOYSA-N,CCn1ncn2c(-c3ccc(F)c(-c4ccc(F)cc4C#N)c3)cnc2c1=O,0.977
MFIBVCBNDYGJFP-UHFFFAOYSA-N,CC(C)c1ccnc(-c2ccn3c(-c4cccc(NC(=O)NCC(F)(F)F)c4)cnc3c2)n1,0.866
CGXCANAUWNATLY-UHFFFAOYSA-N,Cc1ccc(OCC(=O)N(Cc2nc(-c3ccccn3)no2)C(C)C)cc1,0.012
GIQVCZVUJSCCTL-GDLZYMKVSA-N,O=C(N[C@H](Cc1csc2ccccc12)C(=O)N1CCC(N2CCCCC2)CC1)N1CCC2(CC1)N=C(C1CCCCC1)NC2=O,0.032
NISINGSLNFLSEX-UHFFFAOYSA-N,O=[N+]([O-])c1cn(-c2ccc(Br)cc2)cn1,0.997
MAMFAJFGPWCOHR-UHFFFAOYSA-N,CC(=O)Nc1ccc2[nH]c(=O)n(C3CCN(C(=O)c4ccccc4)CC3)c(=O)c2c1,0.245
LBOPEIJMGRKULM-KRCBVYEFSA-N,N[C@@H](CCC(=O)O)C(=O)NCCCCCC(=O)N[C@@H](CO)C(=O)NCCCOCCCCOCCCNC(=O)[C@H](CO)NC(=O)CCCCCNC(=O)[C@@H](N)CCC(=O)O,0.002
VXEAWVMTERBHFX-UHFFFAOYSA-N,CCOC(=O)ON1C(=O)c2ccccc2C1=O,0.06
GDEQKKBMPCAWEP-UHFFFAOYSA-N,CN(C)c1cccc2c(S(=O)(=O)NCC(=O)NCC[S+]([O-])CCl)cccc12,0.078
YOQPANSJZKFLMM-UHFFFAOYSA-N,O=C1NCC2(CCNCC2)c2[nH]c(-c3ccnc(-c4cc(Cl)cc(Cl)c4)n3)cc21,0.527
QHSWZQPEERODAN-UHFFFAOYSA-N,Cc1cccc(C)c1Oc1ccc(=O)n(Nc2ccc(C#N)cc2)n1,0.845
IBARSPXFLSEGBX-UHFFFAOYSA-N,Cc1cc(Oc2ncc(Cl)cc2C(F)F)ccc1-c1c(C)c(=O)[nH]c(=O)n1C,0.196
WEPLQYDVWAVBRX-HNNXBMFYSA-N,COc1cc2c(c(OC)c1OC)-c1ccc(SC)c(=O)cc1[C@@H](NC(=O)CNC(=O)C(F)(F)F)CC2,0.078
ANAOXQPNAIEGRU-UHFFFAOYSA-N,CC(C)COc1ccccc1C(=O)NC(CO)C(=O)O,0.003
LPZBJYHDKFTGCC-UHFFFAOYSA-N,Cc1cc(C(F)(F)F)ccc1Nc1nc(SC2CCOC2C)nc2c1CCN(c1ncccc1C(F)(F)F)CC2,0.935
MPLUPMPIJSWCIQ-UGBDYNFMSA-N,CC(C)C[C@H](NC(=O)[C@H](C)NC(=O)[C@H](CCCNC(=N)N)NC(=O)OCc1ccccc1)[C@@H](O)CC(=O)NCCc1ccc(Cl)cc1.O=C(O)C(F)(F)F,0.005
VELVUGAANFPXJJ-UHFFFAOYSA-N,CCCc1nc(NCCCn2ccnc2)c2c(n1)c(C)nn2CC,0.0
CHRQYHKDXOIBPC-SFHVURJKSA-N,O=C(Nc1cc(Cn2c(=O)[nH]c(=O)c3ccccc32)cnc1F)[C@H]1CCN(Cc2ccncc2)C1,0.023
PSURAFILOCZAMG-UHFFFAOYSA-N,NS(=O)(=O)c1ccc(CNC(=O)C(F)(F)F)cc1,0.012
ZYWYZKGAGFBZIZ-UHFFFAOYSA-N,CN(C)CCC1(c2ccccc2)OC=CC1=O.Cl,0.001
ILSXMVZPMPPOEJ-UHFFFAOYSA-N,Cc1cc(C(=O)N2CCn3cccc3C2C)no1,0.281
VCJFLOUIZAJBAA-UHFFFAOYSA-N,Cc1ccc(-c2nnc(-n3nc(C)cc3C)c3ccccc23)cc1,0.999
FEIDHNGSKVXYBH-UHFFFAOYSA-N,CN(CC1(C)COC1)C(=O)c1cc(-c2ccn(C)n2)nc2ccccc12,0.001
SDUNKEQQLQDTTQ-YWEYNIOJSA-N,C[N+](C)(C)C/C=C1/COCO1,0.0
IZXWIWYERZDWOA-UHFFFAOYSA-N,CC(C)Cc1ccc(C(C)CO)cc1,0.628
VCKUAASJHBESRB-UHFFFAOYSA-N,O=C(O)c1ccc(Cc2c(C(=O)O)n(Cc3cc4c(cc3Cl)OCO4)c3ccccc3c2=O)cc1,0.028
SDMZOGLOLYWQGF-UHFFFAOYSA-N,CC[S+]([O-])c1nc2cccc(C(=O)OC)c2n1Cc1ccc(-c2ccccc2-c2nn[nH]n2)cc1,0.12
WMCUXVITTPCZQN-OAQYLSRUSA-N,CCOc1ccc(-n2c([C@@H](C)N(Cc3cccnc3)C(=O)Cc3ccc(F)c(C(F)(F)F)c3)nc3ccccc3c2=O)cc1,0.8
GHYGHECQPGYGCH-UHFFFAOYSA-N,CCN(CC)C(=O)Cn1cc(S(=O)(=O)CC(=O)Nc2ccccc2C)c2ccccc21,0.023
FSUQKSUQIWZYJW-UHFFFAOYSA-N,CN1CCN(Nc2ccc(S(=O)(=O)NC(=O)c3ccc(N4CCN(CC5=C(c6ccc(Cl)cc6)CC(C)(C)CC5)CC4)cc3Oc3cccc4[nH]ccc34)cc2[N+](=O)[O-])CC1,0.547
CMAWYPQHHCFAJC-UHFFFAOYSA-N,CC(C)CCn1c(=O)c(C2=NS(=O)(=O)c3cc(NS(=O)(=O)NC(=O)OCC(=O)O)ccc3N2)c(O)c2cccnc21,0.004
YLFJWBVMZKWUSC-NXKIGICWSA-N,CN1CCN(CN2C(=O)/C(=N\NC(=O)COc3ccc(N4C(=O)C(Cl)C4c4ccccc4)c4cccnc34)c3ccccc32)CC1,0.122
KMFGBQQKCSALKS-UHFFFAOYSA-N,CC(C)(C)n1ncc2c(NCc3cccc([N+](=O)[O-])c3)ncnc21,0.963
KLJLHGBIIGYVMV-UHFFFAOYSA-N,O=S(=O)(Nc1c(C2CCCC2)ccc2ncccc12)c1ccc(Br)cc1,0.994
GWYSKADJFXQKRX-GFCCVEGCSA-N,CCCNC(=O)[C@H]1Cc2c(sc3ccccc23)CN1,0.123
YNYWZJHDGUKXRP-UHFFFAOYSA-N,Fc1ccc(N2CCN(C3CCC4CCCCC4C3)CC2)cc1,0.986
IDJVQGABBCXBQJ-UHFFFAOYSA-N,Clc1ccc(CN2CCN(Cc3ccc(-c4ccncc4)cc3)CC2)cc1,0.86
HTMCBXLLCSRXLQ-GHMZBOCLSA-N,Cc1nc2cnc3[nH]ccc3c2n1[C@@H]1CCC[C@@H](O)C1,0.001
QJRMHUGQHIMVQS-UHFFFAOYSA-N,COc1cc2nc(C3CCC3)n(NC(=O)c3cccc(F)c3)c(=O)c2cc1OC,0.934
ZPTKNFQNGXAKOY-ZWKOTPCHSA-N,Cc1cccc(C(=O)N2C[C@@H]3CCN(c4cccnc4)C[C@@H]3C2)c1,0.006
USKWMNFMQYXZEE-UHFFFAOYSA-N,Cc1ccc(C2=NN(C3=NC(=O)CS3)C(c3ccccc3C)C2)cc1C,0.999
XPXAXOSDACKJES-SANMLTNESA-N,O=C1N[C@@](c2ccc(OCCCC(F)(F)F)cc2F)(C(F)(F)F)CC(c2ccn(CC3CCC3)n2)=C1C(=O)NS(=O)(=O)C1CC1,0.01
XKMULHOCWAMMBP-FQNRMIAFSA-N,COc1ccc(-c2noc(C(C)Nc3nccc(N4C(=O)OC[C@@H]4C(C)C)n3)n2)cc1,0.785
FNNJASPFRMWKET-SAPNQHFASA-N,CCN(CCCCCN(C(C)=O)C(=O)/C=C/c1ccc([N+](=O)[O-])cc1)Cc1ccccc1,0.322
KGTBRJGLKSVMHE-UHFFFAOYSA-N,O=C(OCc1cc2ccccc2nc1O)C1CCCCC1,0.996
AVZYAMPJJDVPDJ-UHFFFAOYSA-N,O=C1C2=C(NC(=S)NC2c2cccc(CO)c2)c2ccccc21,0.455
HRCVWKBCORXYFS-URYOQJBYSA-N,OC(CNC[C@H]1CC[C@H](c2nnn3cnc4[nH]ccc4c23)CC1)C(F)(F)F,0.045
WEQABXWZNYHDKJ-UHFFFAOYSA-N,CCOC(=O)CCCOc1cc(C(N)=O)cc2ccccc12,0.776
OJUYFGQEMPENCE-DPKHZRJYSA-N,C[C@H]1[C@H](C)CC[C@]2(C(=O)O)CC[C@]3(C(=O)O)C(=CC[C@@H]4[C@@]5(C)CC[C@H](O)C(C)(C)[C@@H]5CC[C@]43C)[C@H]12,0.019
SXVBXGBNSHBDSE-IRXDYDNUSA-N,O[C@H]1CN(Cc2ccc3c(c2)OCCO3)CC[C@@]12CCCO2,0.022
LSFBCBMXEQIMMD-LWOKBORYSA-N,Cc1cn([C@H]2C=C[C@@H](COP3(=O)OCc4cc(C=O)cc(C(C)(C)C)c4O3)O2)c(=O)[nH]c1=O,0.019
HPAJZDBVRCACEQ-UHFFFAOYSA-N,O=C(O)c1ccc(Nc2ncc3[nH]c(=O)n(-c4ccccc4)c3n2)cc1,0.118
VXAOVZOZTWLVDB-BJMVGYQFSA-N,O=C(/C=C/c1ccccc1Cl)Nc1ccc(O)cc1,0.972
YDGKDSADZLCGDB-UHFFFAOYSA-N,CC(C)(C)C1(O)CCN(CC2c3ccccc3CCc3cc(Cl)ccc32)CC1.Cl,0.656
SFICTTTWDKGKCQ-BAGYTPMASA-N,O=S(=O)(c1ccc(Cl)cc1)N1[C@H](C2CC2)CCC[C@@H]1C1(Cc2nc(CN3CC[C@@H](O)C3)no2)CC1,0.216
OVRBESMHEIRVHO-NCHKGXLSSA-N,CC1(c2ccccc2)CN([C@H]2CC[C@H](n3c(=O)[nH]c4ccccc43)CC2)C(=O)O1,0.284
LKHZFAIMPYYKTE-UHFFFAOYSA-N,Cc1nc2c(OCc3ccc(F)cc3)cccn2c1CC#N,0.815
CBSITSBNYVZQPA-QFIPXVFZSA-N,O=C(Nc1cccc(F)c1)[C@H](CSCc1ccccc1)N1Cc2ccccc2C1=O,0.953
OZAWTZZRKOWGKL-UHFFFAOYSA-N,COCCCCC1(O)C2=NCCCN2c2ccccc21,0.0
PUJLWVRCHNDSJW-KAMYIIQDSA-N,CCOc1ccc(/C=C2\SC(=O)N(CCN(C)C)C2=O)cc1,0.138
DGIPVFGDVQXNMS-UHFFFAOYSA-N,CCC(c1ccc(O)cc1)C(CC(=O)OC)c1ccc(O)cc1,0.927
VNBLTQXCUPGATI-UHFFFAOYSA-N,CCCCc1nc2ccn(C(C(=O)N(C)C)c3ccccc3)c(=O)c2n1Cc1ccc(-c2ccccc2-c2nn[nH]n2)cc1,0.136
SUXOZCRIFFHZCQ-LJKQEARRSA-N,C[C@@H]1CN([C@H](C)CO)C(=O)c2cccc(NC(=O)Nc3ccc(C(F)(F)F)cc3)c2O[C@@H]1CN(C)S(=O)(=O)c1ccc(Cl)cc1,0.843
UBHIMYZBBAMECQ-JVSIBSRASA-N,C[C@]12CCC(=O)N[C@@H]1CC[C@@H]1[C@@H]2CC[C@]2(C)O[C@H](n3cnc4c(NN)nc(Cl)nc43)CC[C@@H]12,0.233
JWNMGKQDLNIYHE-UHFFFAOYSA-N,CCOC(=O)c1noc2ncn(CC(=O)Nc3ccccc3OC)c(=O)c12,0.142
MAQXTRHEMFUBDA-UHFFFAOYSA-N,O=C(c1nccs1)N1CCN(C2CN(C(=O)c3sc4cc(C(F)(F)F)ccc4c3Cl)C2)CC1,0.852
GPKFTSBUGGLSHC-BRWVUGGUSA-N,C=CCN1CC[C@@]2(c3cccc(O)c3)CCC[C@@H]1[C@H]2O,0.008
BYSBXIPCDJNEBG-INIZCTEOSA-N,N[C@@H](CCC(=O)Nc1ccc(OCc2ccccc2)cc1)C(=O)O,0.696
ZRSZKEIYSAGNBN-UHFFFAOYSA-N,Clc1cccc(Cn2c3ccccc3c3cc(CNCCCCCCNCc4cc5c6ccccc6n(Cc6cccc(Cl)c6)c5cn4)ncc32)c1,0.669
GVQZPPYXSNWJHN-ROUUACIJSA-N,CCCCCNCC[C@@H]1CCC[C@@H]1CCCCCCC(=O)O,0.026
XXCUGSZWHARNTF-UHFFFAOYSA-N,CCCOC(=O)c1ccc(NC(=O)c2c(-c3ccccc3)noc2C)cc1,0.964
UETQYGACINQVKI-UHFFFAOYSA-N,Cc1ccccc1-c1nc2cc(N)ccc2o1,0.849
VXJMKKDFKLQCQL-KRWDZBQOSA-N,COc1nsc(N2CCC3(CCN(C[C@H](O)c4ccc5c(c4C)COC5=O)CC3)C2=O)n1,0.005
ULHSXWIYINWWCK-UHFFFAOYSA-N,CC1=CC(=O)N(c2cc(Cl)cc(Cl)c2)C1=O,0.916
PNYHUCVZDPPOTQ-UHFFFAOYSA-N,CCN1CCCC1CNC(=O)c1c(OC(C)C)cccc1OC(C)C,0.012
BRQHOFBHPKKIHA-UHFFFAOYSA-N,Cc1ccccc1C(Oc1cc(OCc2ccccn2)ccc1C#N)C(=O)O,0.006
AIVYERHOQDMJPY-UHFFFAOYSA-N,Fc1ccc(C2CC(c3ccccc3)n3ncnc3N2)cc1,0.94
JFWNERIMAUEHNN-MRXNPFEDSA-N,N[C@H](Cc1ccc(Cl)cc1Cl)C(=O)N1Cc2ccccc2C1,0.925
YVYTXXAKCRMLAS-UHFFFAOYSA-N,COC(=O)C(C)(C)Cn1c(=O)[nH]/c(=N\c2ccc3c(ccn3CC(C)C)c2)n(Cc2ccc(Cl)cc2)c1=O,0.96
XAGBKVQEHQHFIF-YKSBVNFPSA-N,COC(=O)[C@H]1CN(CCC(=O)N2CCCCC2)CC[C@H]1CCC(=O)c1ccnc2ccc(OC)cc12,0.002
RCTWKMMYYMPUFN-UHFFFAOYSA-N,CCCc1cc(=O)oc2c3c(c4c(c12)OC(C)C=C4)OCC(C)C3=O,0.923
CJBSJFLJYYGYKO-UHFFFAOYSA-N,O=C(OC1CS[S+]([O-])C1)c1cccc(Br)c1,0.344
DIOINDUDAISFQH-UHFFFAOYSA-N,CC(C)(C)OC(=O)c1c(N)sc2c1CCCCC2,0.995
FUEDAQQFJXCSMM-UHFFFAOYSA-N,CC(C)NC(=O)c1ccccc1NC(=O)Cc1ccc(Br)cc1,0.339
DREYZGCIOLBBDK-UHFFFAOYSA-N,CC1=C(c2ccc(OCCCN3CCCC3)cc2)Oc2ccccc2S1,0.485
FNHSXSFGOZAWBM-UHFFFAOYSA-N,CC(=O)Nc1nnc(CSCc2ccccc2F)s1,0.005
DKDDVQGTCDYMBJ-UHFFFAOYSA-N,Cc1nnc(SCC(=O)Nc2sccc2C(N)=O)n1Cc1ccccc1,0.038
DEQYSMOBGAWMAL-UHFFFAOYSA-N,COC(=O)C1C(=O)NCC1c1ccc(OC)cc1,0.001
FTZUJTIVZAUIDZ-UHFFFAOYSA-N,Cn1nc(C(=O)OCC(=O)NCc2ccc(Cl)cc2)c2ccccc2c1=O,0.893
CIOQUUUMMYPGKD-UHFFFAOYSA-N,CC(C)c1ccc(N2C(=O)c3ccccc3C2=O)cc1,0.992
KAMDIPZCMWRTLU-QXMHVHEDSA-N,CCCCCCC/C=C\CCCCCCCC(=O)OC(COC(C)C)COP(C)(=O)F,0.999
ZTJBRLHJSDGEDC-WYXQGNMASA-N,CC(C)OC(=O)[C@H](C)NP(=O)(OC[C@H]1O[C@@H](n2ccc(=O)[nH]c2=O)[C@](F)(Br)[C@@H]1O)Oc1ccccc1,0.009
IUPDIFIBOIPXEL-UHFFFAOYSA-N,CC(C)n1nccc1NC(=O)Nc1ccccc1,0.021
BDKCBNKKZXWGBC-UHFFFAOYSA-N,O=C1NCc2cc(C#Cc3ccc(F)cc3)ccc21,0.999
QIMIUNGNQNMMLJ-UYDCODMTSA-N,COC(=O)[C@@H](C)CC(=O)C[C@@H](C)C1=CC[C@@]2(C)[C@@H]3CC[C@H]4C(C)(C)[C@@H](O)CC[C@]4(C)C3=CC[C@]12C,0.964
STUATAGTAUNARV-UHFFFAOYSA-N,Cc1ccc(Cn2c(C(C)Nc3nc(-c4ccc(F)cc4)cs3)nc3cc(C(=O)NCCCO)ccc32)cc1,0.953
OMSHDEAJFKOTEV-UHFFFAOYSA-N,O=C(Nc1cccn(CC(=O)N2CCOCC2)c1=O)c1ccccc1,0.01
HOBIGNJHUKZOQX-UHFFFAOYSA-N,Cc1noc(C)c1C(=O)N(C)Cc1nc(-c2ccccn2)no1,0.003
UEPMBFDUHOWDCI-UHFFFAOYSA-N,O=C(Nc1nnc(N2CCC(N3CCCCC3)CC2)s1)NC1CCCC1,0.013
UKYXZPJSWMKPCU-UHFFFAOYSA-N,CSc1sc(C(=N)N)cc1-c1csc(Nc2cccc(C)c2C)n1,0.971
IIBLTCQPIQYFIA-UHFFFAOYSA-N,Cc1ccc2nc(Nc3ncc4c(n3)CC(C)(C)CC4=O)nc(C)c2c1,0.999
CBUCIBLCFPXWRB-UHFFFAOYSA-N,CC1(C)CC(NC(=S)Nc2ccccc2)c2cc(F)ccc2O1,0.996
PPPOUAQYRUUFNJ-RXVVDRJESA-N,COCCOc1ccn2c(-c3ccc4cccc(O[C@H]5CCNC[C@@H]5F)c4n3)cnc2c1,0.351
MCALIAMJFSHRDW-UHFFFAOYSA-N,CCOC(=O)c1ccccc1NC(=O)CSc1nnc(Cc2cccn2C)n1-c1ccc(F)cc1,0.929
QPHHZIMEKMJFMS-UHFFFAOYSA-N,O=P1(Oc2ccccc2)NNP2(=NP(Cl)(Cl)=NP(Cl)(Cl)=N2)NN1,1.0
QGOKHJLXPOTHNJ-YRNVUSSQSA-N,COc1ccc(/C=C/C(=O)NCCc2ccc(OC)c(OC)c2)cc1,0.808
YGFPCFVUUSLJRZ-UHFFFAOYSA-N,CC(C)c1cccc(C(C)C)c1NC(=O)NCC1(c2ccc(N(CCO)CCO)cc2)CCCC1,0.082
ZHTZIUSLOIZPHL-KNTDEHBRSA-N,COc1ccc2c3c1O[C@H]1[C@]4(OC)CC[C@@]5(C[C@@H]4CNC(=O)/C=C/c4ccccc4)[C@@H](C2)N(C)CC[C@]315,0.011
NMSIJMKFXSWEOR-UHFFFAOYSA-N,CC(=O)Nc1ccc(S(=O)(=O)N(C)CC(=O)OC(C)C(=O)NC2CCCC2)cc1,0.583
ZZNGBIBRJZOOQT-UHFFFAOYSA-N,Cc1nn(C2CCS(=O)(=O)C2)c(C)c1CN(C)C(=O)c1ccccc1,0.001
JYEYMCMIADJBBB-DJKKODMXSA-N,O=C(O)c1ccccc1O/N=C/c1cccc(C(F)(F)F)c1,0.036
HIOWDZZIBUXEHQ-UHFFFAOYSA-N,Clc1cccc(C2ON=C(c3ccccc3Cl)O2)c1,0.999
ZOQHBTXVQKGTDU-UHFFFAOYSA-N,CC1(C)NC(N)=NC(=N)N1OCCCOc1cccc(Cl)c1,0.0
VGXAUABGTLEXCN-UHFFFAOYSA-N,CCSc1nnnc2c1sc1nc(N3CCOCC3)c3c(c12)CCCC3,0.978
ISYQRUPHFNFRMZ-UHFFFAOYSA-N,c1ccc(CN(c2ccc3[nH]ccc3c2)C2CCCNC2)cc1,0.006
NYEUCFWPMRQBAH-QFIPXVFZSA-N,O=C(O)COc1cccc2c1CC[C@H](Cn1cc(C(c3ccccc3)c3ccccc3)ccc1=O)C2,0.014
CZQJZCHADYYLAF-FDDCHVKYSA-N,COc1ccc(OC[C@@]2(c3ccccc3)C[C@H]2C(=O)Nc2cc(C)on2)cc1OC,0.461
BSZYGMJIKVVIQH-UHFFFAOYSA-N,CC(=C(c1ccccc1)c1ccccc1)c1ccc([S+](C)(=N)[O-])cc1,0.896
SEBALDIRDDKSDU-UHFFFAOYSA-N,N#Cc1cccc(C2C3=C(CCC3=O)NC3=C2S(=O)(=O)CC3)n1,0.0
KGIUTIANTQIKIP-GXDHUFHOSA-N,CC(=O)N1CCN(C2=NC(=O)/C(=C\c3ccccc3O)S2)CC1,0.14
UPTUKJDQDVLZKI-UHFFFAOYSA-N,O=c1c2ccccc2nc(-c2ccc(OS(=O)(=O)O)cc2)n1CCCCn1cc(Cn2c(-c3cccc(OS(=O)(=O)O)c3)nc3ccccc3c2=O)nn1,0.003
YUTIWGCQKKKLLJ-UHFFFAOYSA-N,CN(C)c1ccc2nc(N)nc(N)c2c1Cl,0.047
BSBPRYCGNNRLJB-LUEVFRQOSA-N,CC(C)C[C@H](NC(=O)OCc1ccccc1)C(=O)N[C@@H](CCC(=O)O)C(=O)N[C@H](C(=O)NN(CC(=O)O)C(=O)/C=C/C(=O)OCc1ccccc1)[C@@H](C)O,0.007
KHPCIHZXOGHCLY-UHFFFAOYSA-N,Nc1ccc(-c2cnc(N)c(-c3ccc(Cl)cc3)c2)cn1,0.927
SMXTVTKALJLBPD-UHFFFAOYSA-O,CNc1cc(/C=C/c2c(C)[nH]c3ccccc23)[n+](C)c2ccccc12,0.017
VDHGNLSURRPLAT-LOSJGSFVSA-N,O=C(N[C@@H](C(=O)N1CCC[C@H]1C(=O)Nc1nc(-c2ccccc2)cs1)c1ccccc1)C1CCCCC1,0.846
XNIBFPUVFRGWGS-UHFFFAOYSA-N,Cc1c(C(F)(F)F)noc1OCC(=O)N(C)c1cccc([N+](=O)[O-])c1,0.941
ATOOTTCWUJAOSU-UHFFFAOYSA-N,Cc1c(C(=O)CNc2nccs2)[n+]([O-])c2ccccc2[n+]1[O-],0.001
KCXGPDFLJSOKIZ-UHFFFAOYSA-N,CCSCc1c(C)[nH]c(=O)c(I)c1Sc1cc(C)cc(C)c1,0.956
OFXXBNQORFRNFR-UHFFFAOYSA-N,OCCC1CN(Cc2cc3c(cc2Cl)OCO3)CCN1C1CCCC1,0.004
BVHSBJDVWQILPE-UHFFFAOYSA-N,c1ccc2c(c1)c1c(n2CCCN2CCCCC2)CN(CCCc2ccncc2)CC1,0.004
FYSGPFWNLRRMDV-UHFFFAOYSA-N,CCC(=O)N(Cc1cc(C(F)(F)F)cc(C(F)(F)F)c1)Cc1cnccc1-c1ccccc1,0.947
AGOWKCMZPBOODJ-UHFFFAOYSA-M,COc1ccc2c(c1)c1cc(OC)c(OC)cc1c1cc3[n+](cc21)CCC3.[Cl-],0.002
FHPWCQUOKSJMMO-VGSWGCGISA-N,Cc1cn2nc([C@@H]3CCCCN3C(=O)c3cc(Cl)ccc3NS(C)(=O)=O)cc2nc1N1CC[C@H](C#N)C1,0.024
BIHWLSDQBFEANX-UHFFFAOYSA-N,Nc1nc(N)c2c(-c3ccccc3)c(-c3ccc(Br)cc3)[nH]c2n1,0.967
BXSVKKGVTBCQAK-UHFFFAOYSA-N,COCCC1COC2(CCN(C(=O)C3CCCCC3)CC2)C1,0.009
YWHFBAAAAXXROH-UHFFFAOYSA-N,NCCCn1c(=O)c2c(nc3ccccn32)n(Cc2ccccc2)c1=O,0.004
YRWHBNJWWWTHNR-UHFFFAOYSA-N,O=C1CN(c2ccccc2)C(=O)C1C(=O)Nc1ccc(Cl)c(Cl)c1,0.708
MVAFKBZHAUFYDN-UHFFFAOYSA-N,Cc1cc(NC2(C(F)(F)F)N=C(c3ccccc3)NC2=O)no1,0.011
IYRJIIMFVYIBHM-VAWYXSNFSA-N,CCOC(=O)N1CCN(C(=O)/C=C/c2c3ccccc3cc3ccccc23)CC1,0.98
HRYFKEPDIFHNOB-UHFFFAOYSA-N,CC(C)Nc1c(C(N)=O)nnc2cc(-c3cnn(C)c3)ccc12,0.979
CEABOPNBUPCARX-UHFFFAOYSA-N,CCOc1ccccc1CNC(=O)c1cccn1-c1nnc(N2CCCCC2)s1,0.901
RIWLBIRNODUKPF-UHFFFAOYSA-O,CC(=O)Nc1ccc(OCC[n+]2cccc(C(N)=O)c2)cc1,0.006
HFBMDIULZYYHMK-UHFFFAOYSA-N,CN(C(=O)c1ccccc1Cl)C1CCCCC1,0.051
IFGYDSLRAALKHK-ILBGXUMGSA-N,O=C(Nc1ccc2ccccc2c1)O[C@@H]1Cc2c(O)cc(O)cc2O[C@@H]1c1cc(O)c(O)c(O)c1,0.736
JAKMBNUDCZLPEN-UHFFFAOYSA-N,CC(C)c1ccc(-c2c(C#N)c(N)nc(SCC(=O)N3CCCCCC3)c2C#N)cc1,0.915
ILQUXOGWNWWOSH-BTJKTKAUSA-N,CC(CCc1ccccc1)NCCC12CC3CC(CC(C3)C1)C2.O=C(O)/C=C\C(=O)O,0.079
QCEFOIDJHJPYIB-MDWZMJQESA-N,CC12CCC(C/C1=N\NC(N)=O)C2(C)C,0.812
CTICJGZXKHCHST-IUPBHXKESA-N,C[C@H]1O[C@@H](COC(=O)c2ccccc2)O[C@@H]1n1cc(F)c(N)nc1=O,0.617
AEBGVVBYFUZUED-UHFFFAOYSA-N,COc1ccc(-c2ccc3ccc(OC)cc3[o+]2)cc1,0.999
ZZWJASQZCDWPFG-UHFFFAOYSA-N,CCn1ncnc1CN1CCC(CNC(=O)c2cccc(C)n2)C1,0.0
VRYMTAVOXVTQEF-UHFFFAOYSA-N,CC(=O)Oc1cc(C(C)C)c(OCCN(C)C)cc1C,0.014
XTJRPOFKSXCKPF-UHFFFAOYSA-N,Nc1nc2[nH]c(-c3ccccc3)c(-c3ccccc3)c2c(=O)[nH]1,0.576
BKDMICIBSRKEST-UHFFFAOYSA-P,C[N+]1(CCC(=O)Nc2ccc3c(c2)C(=O)c2cc(NC(=O)CC[N+]4(C)CCCCC4CO)ccc2-3)CCCCC1CO,0.0
MFOZPYTUDQEMMW-UHFFFAOYSA-N,O=C(CCCCN1CCN(CC2CC(=O)c3ccoc3C2)CC1)c1ccc(F)cc1,0.012
DWEBYMJLRCWIRS-UHFFFAOYSA-N,CNc1nc2cn(-c3cccc(OC)c3)c(=O)c-2c[nH]1,0.003
QXXWFWUGWOXHGQ-UHFFFAOYSA-N,CC(Cn1cccn1)NCc1csc(-c2ccc3c(c2)OCO3)n1,0.005
TZZNDQGUMPILBH-SEYXRHQNSA-N,COC(=O)O/C(=C1\C(=O)N(C(N)=O)c2cc(Cl)c(F)cc21)c1cccs1,0.095
UOUNOYWIBROXIZ-FBCYGCLPSA-N,CCOc1cc(Cl)c(Cl)c(/C=N/c2ccc3[nH]c(=O)[nH]c3c2)c1O,0.871
VQCCNHUJVQLJNN-UHFFFAOYSA-N,O=C(c1ccc(-c2cc3cc(Br)ccc3oc2=O)nc1)c1ccccc1O,0.99
QYMYUAYALRNHHU-ULIFNZDWSA-N,CCc1nc(N)nc(N)c1-c1ccc(Cl)c(/N=N/N(CCOC(C)=O)Cc2cc(OC)c(OC)c(OC)c2)c1,0.456
GWWSLIWDJZAGKA-UHFFFAOYSA-N,O=C(C1CC1)n1nc(NC2CCN(Cc3ccc4c(c3)OCO4)CC2)c2cc(Cl)ccc21,0.947
FOHMSRQIKUEZRX-UHFFFAOYSA-N,C=CC(=O)Nc1cccc(NC(=O)Nc2ccnc(Nc3ccc(C(=O)N4CCOCC4)cc3OC)n2)c1,0.397
IKTXFVMZQNCZAK-UHFFFAOYSA-N,COC(=O)N1CCC2(CC1)CCN(c1ncccn1)CC2,0.676
LHXYNDSGEDISEA-UHFFFAOYSA-N,Cc1cc(NCC(=O)c2ccc(O)c(O)c2)[nH]n1,0.003
JMFZKYABNMMQHH-UHFFFAOYSA-N,Cn1ccc2cc(OCc3ccccc3)ccc21,0.998
RBUPRJXZXKZIJL-UHFFFAOYSA-N,CCOc1cc(C)nc(N2CCCC(C(=O)NCc3ccccc3F)C2)n1,0.621
CLADDPQXBLSTPP-UHFFFAOYSA-N,Oc1ccc2c(c1)CCc1c(-c3ccc(O)c(O)c3)noc1-2,0.732
YPFVCLDHXMFUMX-UHFFFAOYSA-N,COC(=O)c1c(C)[nH]c(C)c1-c1ccc(C)cc1,0.03
FKVJZEWHJURNAD-BHDDXSALSA-N,CCCCOc1ccc([C@@H]2c3ccccc3[C@H]3NCCC[C@@H]23)cc1,0.256
UNIOWGGELLSLOW-UHFFFAOYSA-N,Clc1ccc(CC(Cn2ccnc2)c2ccccc2Br)c(Cl)c1,0.992
UPYLUSZZUKVKLC-UHFFFAOYSA-N,COc1cc2c(Oc3ccc(NC(=O)c4c(C)n(-c5ccc(OC(F)(F)F)cc5)c(=O)n4C)cc3F)ccnc2cc1OCCCN1CCC(C)CC1,0.967
XXMPVCYKUFBEQL-UHFFFAOYSA-N,Cc1c(C(=O)Nc2nc(C3CCC3)c(N3CCN(C)CC3)s2)cnn1C(C)(C)C,0.001
QNCNODDNQFHTAE-ZEMYGLBYSA-N,C[C@]12CC[C@H]3[C@@H](C[C@@H]4O[C@@]45C[C@@H](O)CC[C@]35C)[C@@H]1CC[C@@H]2O,0.241
SECBYWGLDGHJLN-UHFFFAOYSA-N,O=C(Cn1nc(Cc2ccccc2)c2ccccc2c1=O)Nc1cccc(C(F)(F)F)c1,0.973
WCBHWWCRMPMBTH-UHFFFAOYSA-N,c1cc(CN2CCNCCCNCCNCC2)ccc1CN1CCNCCCNCCNCC1,0.049
GDCWMJWWRYTXNY-UHFFFAOYSA-N,CC(C)C(=O)Nc1ccc2nc(-c3cccc(Cl)c3Cl)oc2c1,0.999
RWDSZWNVYRUBLM-UHFFFAOYSA-N,COc1c(C2CCC2)ccc(-c2ncc(N)nc2C#N)c1F,0.995
YCBVYRSRHHEJAL-MLNSLSNSSA-N,C#CCCOC(=O)/C=C(C)/C=C/CC(C)CCCC(C)(C)OC,0.997
XUSDPLZITNXIBP-UHFFFAOYSA-N,CCOc1ccc2c(c1)=[N+]([O-])C(C)(C)[N+]=2[O-],0.0
FANFUDBBDAWKMK-LHWQALLBSA-N,N=c1c2ccsc2nc2n1CC/C2=C\c1ccccc1Br,0.914
LGNRWEUQQPIDQM-UHFFFAOYSA-N,COc1ccc2c(c1)CC(c1nc3c(F)cc(-c4ccnc(N)n4)cc3[nH]1)CO2,0.972
NSCLZWBWQLOXFQ-UHFFFAOYSA-N,CSCCNC1=C(F)C(=O)c2c(F)c(F)c(F)c(F)c2C1=O,0.101
PVPJLZORNPIRDJ-UHFFFAOYSA-N,O=C(COc1ccccc1C(=O)Nc1ccccc1)Nc1ccc(-c2ccccc2)cc1,1.0
HHWIWTYLCSYMPN-UHFFFAOYSA-N,Nc1nc(N)c2cc(S(=O)(=O)Nc3ccc(Cl)c(Cl)c3)ccc2n1,0.976
RGKVPYQYBUAAEH-UHFFFAOYSA-N,CCCn1c(-c2cnc(Nc3ccc(C)nc3)c(Cl)c2)nc2cccc(Cl)c21,0.996
VTRFEMUYHTXFEQ-UHFFFAOYSA-N,CN(Cc1cccc2ccccc12)Cn1nc(-c2ccncc2)oc1=O,0.112
QDFOYTHIYBSDPW-RGAOVNQFSA-N,O=C(N[C@@H](CSCc1ccccc1)C(=O)Nc1ccc(C2S/C(=N\c3cccc(F)c3)N(Cc3ccco3)C2=O)cc1)OCc1ccccc1,0.989
YZQZXLROYFNFQE-QTGUNEKASA-N,CN1CC[C@]23CCCC[C@H]2[C@H]1Cc1ccc(Oc2ccccc2F)cc13,0.554
PRGIOMDFWSHPTC-QPEQYQDCSA-N,O=C(CN1C(=O)/C(=C/c2ccco2)SC1=S)Nc1ccc(C(=O)O)c(O)c1,0.024
